batch_id,pH__mean,pH__std,pH__slope,pH__min,pH__max,pH__auc,DO_pct__mean,DO_pct__std,DO_pct__slope,DO_pct__min,DO_pct__max,DO_pct__auc,temperature_C__mean,temperature_C__std,temperature_C__slope,temperature_C__min,temperature_C__max,temperature_C__auc,agitation_rpm__mean,agitation_rpm__std,agitation_rpm__slope,agitation_rpm__min,agitation_rpm__max,agitation_rpm__auc,feed_rate_A_mL_h__mean,feed_rate_A_mL_h__std,feed_rate_A_mL_h__slope,feed_rate_A_mL_h__min,feed_rate_A_mL_h__max,feed_rate_A_mL_h__auc,feed_rate_B_mL_h__mean,feed_rate_B_mL_h__std,feed_rate_B_mL_h__slope,feed_rate_B_mL_h__min,feed_rate_B_mL_h__max,feed_rate_B_mL_h__auc,glucose_g_L__mean,glucose_g_L__std,glucose_g_L__slope,glucose_g_L__min,glucose_g_L__max,glucose_g_L__auc,lactate_g_L__mean,lactate_g_L__std,lactate_g_L__slope,lactate_g_L__min,lactate_g_L__max,lactate_g_L__auc,VCD_e6_mL__mean,VCD_e6_mL__std,VCD_e6_mL__slope,VCD_e6_mL__min,VCD_e6_mL__max,VCD_e6_mL__auc,viability_pct__mean,viability_pct__std,viability_pct__slope,viability_pct__min,viability_pct__max,viability_pct__auc,batch_type,final_titer_mg_L
MAR-001,7.0917450561957605,0.044749545720775295,0.0016231020623162769,7.046780347528928,7.194460465230531,340.29976494119717,73.22936628105073,6.926065948125176,-0.3019169618998343,64.4412246995199,83.44976823789436,3521.3788760550897,36.49328755363476,0.11632338736846864,-0.001328529502560348,36.21892428661227,36.62351798030243,1752.375422285041,154.46566070220314,6.807303083444594,0.042123427048911276,140.09460916970195,164.8268689374997,7422.3677227075805,8.59022249033937,2.6661020636299915,0.14759971748983883,4.395698512526368,12.172115101938669,415.08603496044833,4.492521983074807,1.5417820355422496,0.08397346321345991,2.7536058958415404,6.999748058783204,215.19566231575496,3.6616760494636607,1.0403509921040988,-0.010472389384489241,2.162497961041564,5.426963636856219,172.3674907551631,1.215232997144742,0.5322851185616784,0.02237052691492025,0.0,2.0063079851367145,59.17949988125316,0.6562322197330128,0.5984534417404038,0.029597936302789552,0.0648026298373561,2.2622879305016044,29.43674254260715,96.31736531075597,2.1363796115338487,-0.05871751542045726,92.3299874300082,100.0,4619.917024225216,marginal,700.7006705128038
MAR-002,7.0808473680387545,0.04602072524164149,-0.0013685224431145813,7.028880545604716,7.165299966504567,339.8261995681472,73.11653775999679,5.5790850445870825,-0.29539857347773657,61.81421253180069,81.19172901448651,3519.364179480537,36.54356253253703,0.14061886453022676,-0.001068098534544207,36.27008157430208,36.8028750950981,1753.7195508193354,153.94722633429703,8.673853315569946,0.11848781119402757,142.38750853690345,172.11302170374177,7365.4320672596,8.606378119176583,2.8556926357976913,0.16083692145708464,3.849422774706733,15.014497751825711,409.8038211441174,3.8678216510912447,1.3377076260503649,0.066029211108072,2.135139339645772,5.851754629626123,184.22336286459102,3.6185219146351,1.0185102943814959,0.009149002652447061,1.8872600608768797,5.899679372322863,172.4236134892123,1.1473497876289627,0.42280647122659354,0.013536486241017777,0.3789054053286408,1.8917362937939288,55.172637840974204,1.0737453561175658,0.884581522068894,0.02661209846674142,0.0184524820341198,2.8637151849808795,55.412402709863464,95.98541842789612,2.298284857079199,-0.048204104462126,92.16616649718472,99.94623218845824,4604.797908484908,marginal,709.7907564551878
MAR-003,7.090202779916185,0.04885922041850911,0.0014286956591773713,6.978045446649212,7.175414887320108,340.2104465337886,72.94931059647664,5.717673974030981,-0.3001210697917977,65.12458960309034,80.8227425826368,3499.7048825724496,36.50515907371711,0.14380606578677058,0.0028569767790363933,36.2426173205884,36.77001886567395,1752.742910347742,155.7709675893022,8.324689042793338,0.20245455215258817,144.33251694957846,168.54387913936714,7445.471943981184,8.81941069082395,2.1800252411074226,0.11450005489602914,4.871041738934232,11.487094998231408,425.9200302608967,4.146499100088341,1.122028851273772,0.062252848246157684,2.2950558837450967,6.120094185645894,197.328420429063,3.850136905314588,1.3107361231953423,-0.019190345057058224,1.9199568265038984,6.718356488232075,184.91831275372147,1.2919349578071766,0.5286273510057722,0.024887394989221073,0.3162062453943123,2.2040214019605653,60.852122232144175,0.6755766040240732,0.5931114029703651,0.012283538471016774,0.0,1.5250848201834484,34.29506188252087,94.82131398646517,2.3114936888872455,-0.040772248446921726,89.14996854914013,98.79179087263095,4548.900315121117,marginal,685.2153870048488
MAR-004,7.083250978235246,0.051872872189080765,0.0008418536299393661,6.993127717494511,7.171178490730714,340.0288159167638,74.80965952554683,5.663700577407415,-0.2980162767184225,66.59802785935877,87.64700075774448,3589.796541428999,36.52920036120623,0.1698100546029986,0.0059723945876917935,36.25374513575047,36.84242806615551,1753.8125848443447,150.7122922418543,9.490987059966418,0.25251380358646525,132.67384195376786,166.64500494598383,7226.435168190607,8.06041049360721,2.6229465993903824,0.15214973089705763,4.093136914152936,12.566326254988148,389.47503059721,4.090500991495035,1.4438179736375605,0.0863497614622542,2.3588758094658404,6.448826582568782,195.09064677367257,3.83936668712511,0.9296411710711716,-0.010264172620022575,2.132879743415031,5.1588340189097215,188.77774538716025,1.0091867329451307,0.4402966195428369,0.02217858843673684,0.3300468009908819,1.9460031503110535,47.73515812799876,0.7625158981600789,0.7081871996551944,0.017252194157728516,0.0,2.2563690567858368,36.60615886828511,96.09983367188735,3.1135685898461123,-0.1573591363902773,91.38880825108528,100.0,4615.286098860464,marginal,666.8045565111478
MAR-005,7.090093587923211,0.05812013278149151,-0.0012025120611235652,7.012504105386028,7.218518552350802,340.5862055842917,74.4531243558508,5.542348773190642,-0.2946417679633552,66.03037077186684,82.41794431563719,3574.9635845540142,36.54270288726939,0.13577684762832687,0.0012579776766056443,36.3336446586917,36.82120895383844,1753.9127770728312,152.48240052880686,9.640577779433787,0.24542492384925105,136.44724016051887,173.21352013318813,7306.784915128897,8.829285431789321,2.4253278691626474,0.13403275145224053,4.99886415710773,12.291764089352592,424.59924035158735,3.7618315313379163,1.5426052132077028,0.08797390173031518,1.6050372089752376,6.214835534862607,179.69785947831755,4.019412039679761,1.176809060234746,0.013617801387461362,2.288730023583356,6.319182970168003,189.6414725678848,1.2416547707174177,0.45101719804512996,0.025229699260690543,0.5756950883240707,1.9003590151762508,59.5673700624982,0.7433736668286706,0.773675470523728,0.025113620075556033,0.0,2.359563776365352,32.31999726003079,95.38043231539315,1.7340251969091167,-0.06974346759231045,92.82675398538356,99.53278665721577,4572.799596547322,marginal,656.1713642900206
MAR-006,7.0915474109560215,0.04146149011564759,-0.0010705458030023614,6.992133848186989,7.148970389428626,340.3582601812228,72.4089659850416,3.967005444952887,-0.16573638301036533,66.33018860868152,82.19426032368747,3483.2761399807737,36.53210003802956,0.11570061636854256,0.0006380777783985098,36.34746152877787,36.725758775788606,1753.3107828263587,151.32714502984558,9.000273306406571,0.2520426067734387,138.47013594919298,168.0938956258256,7236.111554270973,8.69750599350087,2.7276682208709735,0.14705297566799314,3.87123165209323,13.857983926666602,413.51273602834345,4.182487880149781,1.8026053725670304,0.09989802060718075,2.119680296112461,8.24427107761776,196.22881588022705,3.6168612760663885,0.8037046275884702,-0.0130604232418605,2.854454010855678,5.449291756557883,172.98027364283877,1.1514949007925224,0.42939116589597603,0.017168213001974252,0.4379100200842242,1.8323507713351632,53.843615519793445,0.6863317991105767,0.6417255014984875,0.015298498365286543,0.0,1.7469246672218617,34.34948216588975,95.67992592585463,2.238425817078871,-0.10795404422857038,92.60194682372024,99.10014579103782,4588.635504997891,marginal,679.7687480021204
MAR-007,7.103375870251077,0.03581705077685819,0.00020492837890659092,7.057555184657196,7.17180384119856,340.76661238926,76.07729095968934,5.796347887980139,-0.2759280668419543,65.02942068387318,86.0279352817186,3667.464547573169,36.53068768563047,0.07265462536691447,-0.0005704872581387465,36.43643785626314,36.6614426893074,1753.4209099232487,154.25647680921162,9.312302485560918,0.1623673581120262,140.23699147710792,172.50163695964127,7376.5556689597015,7.8243678122025795,2.775517349591936,0.14872817502883212,1.4565148826310468,11.228210401018131,370.8189337369295,3.715869758567322,1.9485956250717142,0.10698461956954412,1.042337733692685,6.931583823260304,178.1488338329233,4.025073958026488,1.1563345380271248,0.013018894053173065,2.515953573708938,6.314706731673351,196.44073936666987,1.316604117915812,0.5180604142371903,0.0255027979836962,0.5455967629156622,2.280244414831241,62.8117317761284,0.6316188548390665,0.5777335849272747,0.014667328565171224,0.0,1.5350008613952726,32.84418045163145,94.86278865065736,2.830068552879493,-0.1361809291374802,91.5593307633894,100.0,4555.203731273792,marginal,682.988047234493
MAR-008,7.113855006561367,0.06092967300587727,-0.0003748522103541157,6.995493182504091,7.19175901858357,341.5010590769822,75.91331130545998,3.11355935419154,-0.14145526446355572,71.85665202684724,81.54403252192894,3642.028260239191,36.57665608356583,0.11576287929099875,-0.001517723931127345,36.378889125077485,36.75294815941511,1755.7238456754606,155.3521079854819,11.025832103711153,-0.08108368046252194,139.23816567864012,173.18843967657432,7433.539467472146,8.623783058317853,2.772521099087561,0.14223608916811334,4.796087092307003,14.120905948948362,414.85260780624446,4.226322074687304,1.4605607611938392,0.07902943417641313,1.7632940041993763,7.789594207742264,198.51609511664827,3.723944712816628,1.077530430621131,0.009126752281484666,1.935822911394038,5.620329501090058,181.40739396245866,1.3957093437950028,0.48459819242841606,0.01538948710567834,0.7184309024120996,2.2436372644437075,65.29828980427328,0.9928001800385664,0.7023700068100005,0.023301781586535484,0.0,2.2513870243848646,47.89749660796017,95.47994037723961,2.0848474249950497,-0.05433361120043479,91.10668700420634,98.0716639625006,4584.629472280318,marginal,673.2869320975348
MAR-009,7.084002090784681,0.05348902681914982,-7.036013864078941e-05,6.954420005275479,7.173400624290268,340.0196152059937,72.71699090201459,5.936515896155028,-0.3451896816300827,63.47444452436597,83.60203030160916,3487.1305772528085,36.52607151859901,0.1309316212571645,0.0034454058446120473,36.35337255233012,36.721656665420966,1753.2778973143377,150.01374761613772,8.3109378730191,-0.1995833411362033,132.11827968830582,160.16091540070104,7197.830880200069,8.465966259457927,2.395091316768106,0.1278252521519296,4.610363854464184,11.833643458733974,407.3422308654159,4.103765368279857,1.4426446601373117,0.0819451389281031,2.007815384282293,6.117343048165028,196.62303307146107,3.877202455625727,0.8370353378020357,-0.018289133070025644,2.164549841690151,5.003168613157631,187.4101734926636,1.2585512616370533,0.6235202847674692,0.029811182350825704,0.4818324130831428,2.186686593210995,60.10762759253849,0.9874116889945721,0.6053919479833535,0.016439220615755538,0.0503777593017824,2.014363779565823,47.306643344300774,96.01640215628707,2.4379851687681406,-0.09732933659791575,92.73776582290498,100.0,4608.518605843127,marginal,703.0137435105814
MAR-010,7.112209974977058,0.05044992279312936,-0.0007071775624721649,7.033575601989704,7.205963383484994,341.6554218370455,72.65172357202222,5.1660239808234065,-0.24303211315992032,66.16347917534546,80.09484241959225,3482.057816357602,36.50783459820589,0.13830264590138736,0.0024641995466447167,36.20950135586806,36.66398391706567,1752.2740256891543,154.11475618974282,7.3284060757280765,-0.009035670961733775,141.6961761694388,166.9199149733757,7404.6266403563395,8.92596565713721,2.195353207158498,0.12595163728674377,5.0380984870193135,11.432376391923786,431.9983594624974,3.8654354267474877,1.7110981964227812,0.1019218642428346,1.3172064066748503,7.795917035445684,182.7763953066283,4.1109602771350255,0.6977457471886961,0.01623625547466888,2.9253289578064563,5.173167998489293,200.25400099619094,1.157967940895364,0.4439694984561342,0.02393882480822929,0.5046474899717213,1.9732762843262528,54.61803215429772,0.9469767842401005,0.7302874868971536,0.02568874527506998,0.0,2.649389675733435,46.0751845304884,94.910900946998,2.113663779142521,-0.09042384236945188,91.75834569375232,98.36114280756524,4560.610676730914,marginal,700.6248863524811
MAR-011,7.108676474357998,0.037443997881638776,0.00014773040467344896,7.054835472365303,7.169273898191426,341.29781403095825,74.0677918936991,5.202564429575297,-0.22116687406801863,66.31756586613984,81.70420468508806,3555.4634423161997,36.48815405184068,0.1047600195930695,0.0019051915831660047,36.33682504666304,36.6375672985662,1751.4143443029425,154.10032951401269,6.168663399363102,0.21451067247810313,146.06327125952268,164.96091292601156,7407.476698493885,8.807203401240473,2.758018280081516,0.15648401321503602,5.335328908272911,14.02136677527604,421.0601400353055,3.9056729327536575,1.603086154988531,0.0915693311088622,1.537696966999352,6.540516307918739,184.2848104884784,3.962897727160841,1.0989491670722318,-0.0035949759226332843,2.0252901158965835,5.561105671220286,187.296412125826,1.2698570174789983,0.37416846346131,0.0174987965833463,0.8047880887250931,1.9701616487811493,60.22635231352459,0.7716247632534436,0.6776032531214304,0.028730304023362855,0.0,1.7003967082934754,34.73836320013334,95.58982146602219,2.097962927794948,-0.09131024734142776,91.26072048220364,98.39284057406884,4580.960277276405,marginal,701.5019930503671
MAR-012,7.0926803257223305,0.04054336300074385,-0.001225147289559572,7.037722132954241,7.164171155140468,340.3894883235418,73.70021358714214,4.4070029257930114,-0.2356864749999504,66.86123622488289,83.19615581785797,3532.2963224459104,36.545948324481415,0.10949222813083685,0.0014828264922132574,36.39996273588437,36.76397946729652,1753.540520937135,156.69057294182463,7.345444445519581,0.03464237857438852,142.08830737611487,171.36538613987403,7544.821493143524,8.46635187713438,3.0813612342142402,0.18093288213046033,3.8073418359143294,12.391081381765654,411.3332159605086,4.3255559776420975,1.5979942376523548,0.08916898870422837,1.6822208048977394,7.829999630138701,205.4271193580891,3.9257958714649446,0.9768126472399217,0.012911404204661733,2.049445926191229,5.347923380594416,188.83945542792532,1.2194699283995998,0.4198083148991377,0.0173095239371238,0.4658690715984858,2.012726836193949,58.30359605428037,1.1841697272050646,0.5976531394424149,0.02951110252648407,0.2259992039822059,2.14114873514405,56.84252993641086,95.55729298814171,2.2888623473521648,-0.10691590032543322,92.22286028076437,99.51149547584689,4589.195714921196,marginal,704.0164945611069
MAR-013,7.107993133986965,0.06857656710369783,-0.0019026233362972058,7.007802614612281,7.188816984315407,340.86505401934585,74.60090836644574,5.332820199614135,-0.2192912197662119,66.08087461037302,86.9536920183482,3562.985170121359,36.55786415929504,0.1552079355242229,0.00020912296109519725,36.22711163384004,36.75509223018245,1754.5217020635798,155.13312637749235,9.228588603215936,0.2951461966061486,134.33918443563502,168.1093502768968,7451.390661794916,8.777520045280614,2.4967563968633812,0.14219311530844683,3.4238092276052603,11.878254145050692,425.8269156092801,4.403827493378602,1.1481272374780473,0.06172804669052608,2.414572150732082,6.483803193182305,212.19993337983735,3.826372574053683,1.0372693449844614,-0.008065520023498866,2.277221598379777,5.774907998759228,186.34303765773262,1.3611090321003672,0.5300168286689103,0.02097418798726044,0.288719165977967,2.268311799432213,64.89075187382734,1.064597152427082,0.6572130181430869,0.012405703960901305,0.1935142163961815,2.463843625520002,49.51458064640667,94.64992919795525,2.5521297434428662,-0.13197392691491866,89.6430073092698,98.22859803721538,4546.053107600703,marginal,667.6556299304018
MAR-014,7.106710465803388,0.04336655293695626,-0.0002117881485324577,7.029160775038414,7.172596660830049,341.18275141526755,73.3275217802509,5.9691191448425265,-0.29060721316160726,63.2610163475386,81.61711173199647,3530.336204943139,36.559642895149516,0.1416865922644584,0.005124698719059245,36.37470134506844,36.90723796982214,1755.0066964546095,152.96706410285506,5.994726611862162,0.23676078533963996,143.0235074854225,164.82216229246822,7354.3880851907315,9.145596769666385,2.8167013700927983,0.15285726591636148,4.976786798909615,13.356751821064227,443.24930787637305,3.735337701899295,1.4981317399793894,0.08881997840731581,0.8123718060283174,6.00274686067942,180.60732316534788,4.265839480613602,0.9150664972107792,-0.018910999900810504,2.5204818735567884,6.078508370800709,201.49568851393005,1.1252380072830404,0.6859925596966796,0.030094272020669253,0.1758532787843421,2.266787663077785,53.55187949527377,0.939865525878932,0.7994068757944215,0.02174382171197947,0.0,2.31516706055789,44.242673224588685,95.64824127057835,2.8695413648745833,-0.1323824158896937,90.87002610743671,100.0,4596.818511427287,marginal,686.6000884350563
MAR-015,7.100788536868014,0.03294657502812742,7.12391912108458e-05,7.042736573612889,7.155377366806483,340.92468765101756,73.36389733655251,4.850201959555006,-0.24676645679831977,67.40670271050742,83.31736488826292,3525.0819643244995,36.53032469465927,0.10696258104937335,0.0015964815156958548,36.32667285643813,36.68061646237108,1753.1615553197487,153.30989656488072,8.6207969977731,0.30008475988721756,136.5435999267633,163.73024984345565,7357.292985118886,8.25704414239665,3.2588518999165066,0.18632592977428097,3.224373093148329,15.070312170303083,392.77692487772293,3.95704197010231,1.4343378470596926,0.08202277495143767,1.8979993824585013,6.148690431018036,190.34994871912573,3.9711365967101155,1.000228207931469,0.05611061495097573,2.041950208172459,5.373770417437323,189.93668075274508,1.1358869574751693,0.6847184874048055,0.027389502755106623,0.0,2.42579719637847,54.21452739595186,1.031821855646812,0.7724988669225377,0.030455966087828544,0.0,2.554403902912899,49.79020227459887,95.41431103387511,3.544507374126208,-0.17184060333544715,88.57408482530252,100.0,4580.461034304559,marginal,650.5848314186954
NOR-001,7.097488473113529,0.01839061869023077,0.00021005846363565626,7.060979296226923,7.118811294327824,340.65457069081094,72.85283365216279,5.097095571356255,-0.3235026568553979,65.70180142259099,80.73045872117838,3495.482829624927,36.50010028192716,0.042173337987014045,0.0009762330410406822,36.43610312128402,36.57895456282052,1752.1117861528382,153.6847247990444,3.2484594659352584,0.17160162033474424,148.25626495584245,158.99052840584045,7370.545411357829,8.545774114119538,2.556298308823703,0.15938404275400145,3.8543552457009502,12.0232919929217,412.8424871043359,3.859279732705076,1.1737547629406193,0.07304910855101934,1.8925949935776716,5.519074276613093,185.8592075602824,4.0392366678859934,0.38392547601869664,0.007953956353540658,3.375616658802223,4.6515747790495965,194.22044594341102,1.2280903188052887,0.3460154797147606,0.020638541551912783,0.7747972171224061,1.7840955444903597,58.74291105464949,1.1006094030881743,0.44749657980247204,0.022770982838006673,0.4752676749324898,2.0316802968031813,53.31543864113856,95.85859788179526,1.7822303455615218,-0.10275555390723597,93.12522290363042,98.14545329544066,4602.016678644018,normal,805.895468860356
NOR-002,7.101659056877181,0.02194454099764782,-0.00029188102309103816,7.041388112482944,7.124006125165186,340.91699010852534,73.26530436679823,4.150051992981115,-0.2465488889340743,67.40058626165336,80.47407180596643,3512.9968567959513,36.50431490081169,0.045657305476844774,0.000460920763368337,36.43220930144367,36.57436991448429,1752.32475279214,154.07368765654033,3.4021982552147727,0.06097743178198501,149.292190833723,158.6214230268682,7392.11535946813,8.59752013266468,2.4516412375343477,0.15188752482498344,4.700125275440568,13.20175470520067,411.26728693728097,3.9329965175502313,1.2659588168370317,0.078171158999777,1.800037269037305,5.641456526290712,189.2491947962468,4.2509212447372855,0.43545764270710346,0.0022915954930902904,3.762711926051856,4.930311916752674,201.7590261774537,1.2453863891649053,0.3297956682092742,0.018020244112757156,0.7631027563937215,1.7011369164999033,59.58832451634512,1.2622458276839965,0.7151284034154697,0.040975912658627545,0.0231600387810836,2.485895345277989,60.61867227144967,95.43271146431313,1.9296130342530695,-0.10819965213995995,92.38985291888947,98.32232596981932,4581.495019149159,normal,794.3819345647441
NOR-003,7.096028102966532,0.026488080710433053,0.00018862833714298406,7.059842138983906,7.136178290841655,340.69842478589146,73.04222906315454,3.7193797978072065,-0.23504744167267438,67.50544037755577,78.38237119460754,3505.019025622192,36.510931492225794,0.06488926650212919,0.0011578078378359773,36.43104253743257,36.642871921157,1752.3401479934105,154.69573452090125,3.617593516647141,0.16507056494592526,148.42868166437628,160.92020169086135,7425.480428376391,8.504326308768539,2.0793527758211434,0.1314754813351632,5.645843232829336,11.65017082707783,407.6329399361497,3.856220079339498,1.4513884402882258,0.0913493551666578,1.7749994791254466,5.918426123818991,185.136592919765,3.835830578774364,0.4250842420566736,0.0006419263128342118,3.215661760612187,4.449237852176616,185.39945305874286,1.2254814579259197,0.27883816546315116,0.01562740800721666,0.9255928056219108,1.7351512961461606,58.30186740477223,1.1001748753476728,0.6544203989725451,0.037220637017034285,0.0,1.9701061920712903,54.14127438237918,95.76599707424225,1.6624811901024201,-0.09108544721542566,92.35409060426936,98.53143384164451,4598.060798968769,normal,780.8443483553101
NOR-004,7.0935290794086665,0.016625480624863968,0.0001944514455391034,7.069185310074718,7.116863486200453,340.51400819151837,72.97398915831104,4.138772593409935,-0.25488802141412736,67.25944169451697,79.00523937404485,3502.118074095051,36.52108948455145,0.051496934944057195,0.0003022233731719056,36.43393179641774,36.61498320348074,1753.0935901722612,154.14478786609993,3.6012472851850985,0.13864398088168875,149.72504077342634,160.35048973003074,7405.363264058028,8.61840869035348,2.2216944831672594,0.13848501352137266,5.71957464231673,12.174216080261893,412.0320998907396,4.015257691724571,1.2331537951087321,0.07794180317051393,2.1745807715353016,5.941087002818057,192.3893692517426,4.057272839131315,0.2991443498484127,-0.0036634318476795806,3.3574972726818477,4.454109892661275,194.05477490019373,1.1773262111189464,0.3061213957992987,0.015877320838562067,0.6583837255269,1.7267105270244367,55.77530904979501,1.1016124958659441,0.616874136167567,0.03742694738130749,0.1769248753630194,2.26710416545719,51.92974417622241,95.67836688985201,1.510681851391881,-0.07941999301756371,92.3810817906401,97.51330600327678,4595.4863026844705,normal,806.3180469921193
NOR-005,7.101510276404675,0.022454432951291313,-0.00038857004970944004,7.066664841340195,7.155993944436746,340.7744997482888,73.28268682675463,4.546546565914838,-0.2770417621495967,66.07702062230076,80.86253658630486,3519.943824422653,36.493961419684425,0.04300685337471055,0.0017674416021236851,36.3881537250637,36.54441787624173,1751.830678818516,154.6393196726674,3.732965172525689,0.15731806209179722,146.24008421296452,159.4512458719784,7432.939986801911,8.54272132587689,2.3461412271589683,0.14598507999458168,5.513094834053432,12.475172550702444,408.2449741760866,3.8983677644691253,1.2111004536637349,0.0757650608686259,2.151095086257216,5.881352265481846,186.68540455119756,4.017728322379893,0.39791909999389463,-0.0034603297403094004,3.305031228375156,4.604454626543654,194.19376949499275,1.1641662620210573,0.31913534218274914,0.01816717289415967,0.5799459377680596,1.6056461759614915,55.84554046939473,0.9853120434398596,0.6167385760750136,0.03379312039250211,0.1533925439901106,2.002826667753684,45.889961751033454,95.5313087039358,1.8561182667963516,-0.11205875893828916,93.00894762998324,98.21779108941767,4585.868469116106,normal,789.0460631078396
NOR-006,7.0957020996992055,0.01768534477313432,-2.24341072780958e-07,7.069991591955589,7.132282278460489,340.5013319202345,72.98664515514977,4.783216925357754,-0.28584305559681483,65.23869810481179,80.55201505474177,3503.724121748682,36.49051275577316,0.05532482384186543,-0.00016842516364701853,36.41189998814982,36.60185639484799,1751.472168824957,153.56194511794075,4.56331194645232,0.24439419876395838,146.17729893596083,161.62051959043302,7372.818178149062,8.511707509077988,2.6077947601719838,0.16338279188370033,4.611624423196839,12.826021781849333,407.733498061963,3.995247017611684,1.3455196783708583,0.08553002824684916,1.7550369121409837,5.780043781369662,192.68268352878627,4.0241058716047435,0.2940724406733865,-0.010992550315819041,3.531296659246689,4.5650431602544925,193.91690292711203,1.193984932320024,0.3361208582210799,0.01943796013705328,0.5614563768975083,1.6020424529066808,57.76021882103288,1.1820626060672261,0.44915633740789934,0.02319607175346114,0.490229995874904,1.700101015382809,57.209618456404755,95.5609934878769,1.692173467196006,-0.09196640817438044,92.51518344809055,98.2367621506274,4588.336591950612,normal,796.0922905786667
NOR-007,7.09911744902944,0.03245109056337659,-0.0005744300796899994,7.012217708302703,7.150699854921997,340.7314348681963,73.65251796824124,4.702111518695353,-0.2715510610229853,64.42598795656264,81.71689000824107,3524.3908450612416,36.51234214456476,0.05088264691052433,0.0002492354588850633,36.45033364366377,36.613632949544666,1752.665753184801,154.59334103958216,3.4862061801348396,0.11331180059150323,147.9475440219498,158.7532969587749,7410.240329637176,8.667103153011947,2.5095879195077284,0.15712762119125173,4.544156861835882,12.260518969831786,417.08001229328596,3.888618160262712,1.3547684234419268,0.0849650914476653,1.916681559015008,6.436807867574483,185.3716585395885,3.9764232202777845,0.3922325272412346,-0.014878962689357038,3.166157698938373,4.514398945871314,190.25779424150923,1.2781916178405408,0.2897470067945715,0.016847865296360457,0.9691268557074748,1.8306898429980796,60.76397105038925,0.986983133334106,0.4979214961375458,0.02213043383607975,0.3941360523655071,1.93359708506096,47.76953325085783,95.77403158671004,1.807443237023378,-0.09910755921682259,93.28047542537406,98.5821703296262,4593.622381195903,normal,789.1442976508449
NOR-008,7.097414833780182,0.014168110495110079,0.00014715464393907278,7.065193608693312,7.12523070149622,340.6254427678679,72.95581059594215,5.033021363168212,-0.319412294236955,64.70618383048267,80.29815601623308,3503.6934712955604,36.487975914853344,0.061121482798740266,0.000605122266426525,36.38412858748963,36.59156501602887,1751.3736911893552,153.041998264486,2.6491661322061786,0.13858000031778303,147.7230454080207,156.94963247612276,7352.150246971109,8.376907416457785,2.4058307825974103,0.1516354007207151,4.309184338032462,11.83311256132574,403.4171183996958,3.8592434438460685,1.1540560634771604,0.07125549227551779,2.159652847953546,5.476089858245405,185.40917366759768,4.108798515269846,0.3727386710630213,-0.0001205536654404354,3.134369251410772,4.631601244635956,196.2119457480283,1.2909910157518079,0.26285018126092446,0.015743090986680485,0.9232984109904184,1.6414144791975014,62.22654635299181,1.013899231563194,0.4263217894588575,0.017829551521314733,0.2455565724288154,1.8851314211551904,48.46138405411809,95.63033435959798,1.5247550098089506,-0.07777833958446966,93.17019924298752,97.57114112361148,4591.773291425828,normal,809.6235571133436
NOR-009,7.090742907443537,0.02002541500213589,0.00023736300535424595,7.063042597603891,7.130173698156079,340.28959697213764,73.71176944184528,4.398997969509849,-0.2710819508673328,66.4439169544844,80.67962011203164,3538.6311313063115,36.50718934070697,0.04519866369799806,0.0010722033086275678,36.45651413188376,36.60713742699744,1752.3495164246403,152.24071469509124,3.9235309726960885,0.15497795940580197,143.1896477215232,157.48190716901922,7301.2914286137675,8.821304644436015,2.1756834206579607,0.13590267047927634,5.383980230244609,12.20556165144058,423.144499211139,3.820112207333567,1.2967359436929415,0.08017394011918842,1.492566770689444,5.414309505986962,184.93933427069118,3.974685272539041,0.37778963519762926,-0.011875101274104155,3.2543591871391424,4.494537265044376,190.01899850426597,1.277794076094516,0.35539197675587736,0.01941715828154941,0.6589564138508014,1.9566441016505696,61.88486228420851,0.877964184127735,0.5133954869253741,0.02893299092079808,0.2911525001470563,1.9347492650957192,42.54344366339812,95.641181246285,1.4816316115198345,-0.08932346143171736,93.80733589836008,97.83820792844236,4589.125259788854,normal,811.9285271495271
NOR-010,7.10754048002975,0.012681466486730898,2.0313172443801128e-05,7.085962589928981,7.1344682151387655,341.16430474401716,72.58962060155058,4.269590645699198,-0.26188672879789604,65.82078595635471,79.52235451330108,3483.9739903413188,36.509952377222376,0.03794325388016375,0.0006521972338870437,36.44486196613664,36.5902351098128,1752.3512005052999,154.04568038855476,2.815622692968071,0.07050771417332515,150.23601748551675,159.81743941196007,7396.5501439639875,8.514183881872501,2.0925059022899837,0.13179317417430841,5.703337104480488,12.50898537877697,406.31291689085515,3.969394108440834,1.2403192917477734,0.07627640362701942,2.441172121767384,5.978391353616904,189.56951580850154,4.04083616936737,0.6350255426539698,-0.008304402637081819,2.9914166917614216,4.7007916418651865,194.6148260451654,1.2971091034012425,0.3542108090574829,0.0204223413483786,0.7522653275975886,2.0779794981211483,61.78918372542714,0.9158068366843108,0.3584859254683296,0.0158534214586679,0.166317931377016,1.558796144844399,44.82208880366215,95.25418996801392,1.541383129798063,-0.07862090672079183,92.83167701440252,97.5647182547088,4572.1833467905935,normal,794.9438729738717
NOR-011,7.101058848256585,0.02681090599373258,0.00014096585787477328,7.058626460922283,7.159181811812862,340.87969662739124,73.71670087181954,3.737428481616919,-0.2256433931952566,67.51713927198793,80.79584468469747,3535.4880399836466,36.49603611773528,0.059874254723289166,0.0010705921505494071,36.39906542966417,36.61761569486562,1751.7705404705043,153.61920532908607,3.2998886867596795,0.06793385704637442,147.63076492173704,158.75744152457872,7361.100166640627,8.572183043046536,2.154489696221424,0.13624921400782164,4.734592022299012,12.020974166266312,413.11949816599736,3.921437271475182,1.2027501784096053,0.07550091164333131,2.0481814968138328,5.846005070655052,188.12636498177167,3.933103187712354,0.4903233341507785,0.004777784779451875,3.174254396063167,4.823120893834161,189.6623195589839,1.2701950115491032,0.29229461565488407,0.01530430161354078,0.7920695738498909,1.6992368827797768,60.496544592745565,1.1044520532359043,0.48038533234722525,0.02046950661939607,0.3244346707086912,1.9874924921744783,51.508600862414696,95.62724077173448,1.9819354836682397,-0.11875980878124642,93.19545726628093,98.18644821985822,4590.971590694796,normal,805.8404040925533
NOR-012,7.093028615278301,0.016330283310040758,-6.370024849599654e-05,7.071760148456995,7.125179549911442,340.5093262985951,73.60965778900747,4.661449340745178,-0.28178435509330474,66.1467133622234,81.74365676634747,3537.0854396725867,36.50737015368615,0.03893213823699048,-0.0005086093497720976,36.43385315285485,36.58306069217861,1752.3675965491304,153.54832410937786,3.143464257819038,0.12746230177792717,149.60674966845207,159.58636860721165,7362.068477480304,8.802391602176245,2.285192627605086,0.14398560097733681,4.495751687346679,12.232036919460189,424.268786099551,3.7848560056588374,1.2445873957691438,0.07549597709933761,2.346542439858453,6.536069112542856,179.04728918945693,4.01927973300029,0.4396233915816312,0.003635199827824662,3.576238689203201,4.863449490760343,192.36388659808944,1.2464105597043678,0.2733778717624248,0.015662816819611555,0.8228501635223939,1.716893994544475,59.73386078849339,1.097505657220209,0.6229343421788507,0.03494799637969723,0.0,1.9922016253927712,52.63475156757693,95.9404089562562,1.8387694880582153,-0.1037361085735528,93.44526203013166,100.0,4602.010741665059,normal,801.051578845226
NOR-013,7.08641020321067,0.014596440434970924,0.00030298380618258065,7.054582182141995,7.102894940943348,340.20260716073733,73.23818553539283,4.386103559880044,-0.25785623417850334,66.21023757805405,81.21004356855178,3520.669521101722,36.47868914549557,0.0416302793807638,-0.0007298044123729142,36.41592160988183,36.55288543519323,1751.0177750769922,154.94907082141052,2.767295721276448,0.13848817980487313,151.0317226874704,161.32183648278576,7441.12505373159,8.679494198507399,2.3969518361947317,0.1495622435529414,4.506540396127451,12.596485442489197,417.12764664515146,3.8971421667816353,1.2961696869610915,0.08146075240996717,2.060587180958778,5.842190862431321,187.03531706902925,3.8518075525203654,0.3604229033420059,0.0051632571756581366,3.27143321465287,4.35947295299248,183.45985693762475,1.1819647957927997,0.2792403698583305,0.01572139513981486,0.727091832122372,1.6740046834664346,56.588724642020836,0.9352521504319374,0.5628364410090199,0.03184298585578948,0.3194609164703319,2.3737821066959626,43.24662577612816,95.2476901218986,1.3583862221430976,-0.07786692379308292,93.22277663288754,97.25326196975946,4571.927809133434,normal,802.3531222634899
NOR-014,7.092539362411274,0.020463324772035097,3.817199280711445e-05,7.061353880872816,7.126485663841399,340.52076278289195,73.43573888832879,4.301682641692469,-0.26791617430570086,66.86500170822137,80.52743899853502,3522.202781020193,36.47981150063766,0.05235292215362385,-0.0007106731057631081,36.40360284610208,36.56479821895143,1751.1079294388849,153.2046164690721,3.1940531970519217,0.14463460133840106,148.00525551588194,158.28329382397158,7360.411917825394,8.587832161329972,2.284151460041633,0.1437282602756328,4.866460554950837,11.958500217357798,414.0316093019626,3.9152238329407854,1.4331877137222677,0.08880746630562043,1.6737924068828385,5.893492280947565,188.45706993726003,4.012579458994314,0.36136870846585606,0.0010950827096552881,3.3661107927148315,4.540418922253725,193.54890899004636,1.2906794841399636,0.3582036311799916,0.020394368379206378,0.8076374690625414,1.8251660574806052,61.790040698185436,1.1033557215070577,0.333591486610754,0.018993957461308848,0.4597816505992694,1.5794908618982786,52.541441617103324,95.31057417519547,1.8761544480096144,-0.10360441426936066,91.1857676366275,97.6580868497386,4575.097560890873,normal,800.2858176954944
NOR-015,7.104670784398985,0.02290283789554175,0.00020160341857704983,7.06363841232797,7.132536017650127,340.98021771794083,72.62170786608377,4.997950735936705,-0.31060589262338456,65.82845559916224,81.35297194276387,3481.954717755355,36.489845908543856,0.056853149389992426,0.00023047102013948177,36.35697803012542,36.55872835603736,1751.3458862183693,153.65842040124443,4.390922835416078,0.14233558697037488,146.07714684129823,161.56802528454998,7368.580496735118,8.765413997086899,2.065567749792981,0.12963904316625569,6.0575353770840445,11.92661208312304,419.7055629586829,4.034212238401528,1.2634411311807705,0.07917506067867429,1.845403031438647,5.941421518018181,194.2053872979658,3.960249579789441,0.37254714078668477,0.0030816427980580553,3.321482194957128,4.481897233359779,192.17086090413366,1.2026394113514498,0.36603423713671607,0.021086562828187504,0.6719709251339278,1.680138754314855,57.92963491582109,1.1208508571099534,0.7337325791120661,0.04353678144479042,0.3034748172052885,2.6335391075434798,52.273128652067115,95.86055022379362,1.387445313500222,-0.08238144062891724,92.95787343919216,97.73759099994096,4603.549865958413,normal,793.042196103952
NOR-016,7.08994509207352,0.014628910362157662,-1.504435572236556e-05,7.060211231505521,7.109689068609098,340.3384300379345,73.35544845625571,4.079105273104369,-0.2531510721075828,66.75204041721517,79.45258930440053,3518.9658294473998,36.47948455748305,0.05756188619091507,-2.9863248782740375e-05,36.37439210469344,36.57992853089057,1751.1662183368805,152.86586633344643,4.923732917313526,0.21434783949950903,146.21396826049062,161.26717526789685,7334.176195701286,8.319089189802462,2.348173937459999,0.14844839192371867,4.896994027311584,11.605826961941192,399.5869958912225,4.104450598633134,1.2550567943458808,0.07918380166785194,2.0138891777832018,5.741619550163682,197.92041367302926,3.9429865322881676,0.47364049909170847,-0.015645690210827335,3.2800138134742194,4.888721561857111,190.78125877065057,1.268220306255637,0.2905326078292916,0.01629546548376286,0.740851840010155,1.6522868373722104,60.87627551823547,1.2649007492381985,0.6238500472523505,0.03619789211195303,0.6100580640785107,2.4113561458384063,59.530357999719584,95.73945912750145,1.4218079627180606,-0.08134016156526498,93.97171295738326,98.2002708826923,4596.134307095788,normal,796.4485430515493
NOR-017,7.103597501383148,0.01927207304208313,0.00033941716775675776,7.0695774744122994,7.136815316044696,341.0030938297709,73.84103929269985,4.487432055638743,-0.27437805932005577,67.09197422097091,80.14483211944975,3544.617708648714,36.50843448100495,0.026719061377757765,6.862886806300952e-05,36.45807550219391,36.54481642743715,1752.4255887984532,154.166826875845,3.949456221454458,0.20437076718342984,147.45961121445933,159.14621658748592,7403.734782414012,8.60653484752521,2.5818320252164066,0.16242147963352435,5.135873016467133,12.125643432587234,414.07157767258366,3.7931440062518216,1.2878721768088464,0.08151085288293293,1.6921878622861168,5.54264225780255,182.77382808491743,3.9728271767294006,0.3776020766066536,-0.00011806946650088763,3.1971087448837765,4.592827615118567,189.76474017289146,1.2717827749153174,0.3247871234108726,0.018346763700379083,0.8131375453841927,1.7418160370289295,61.28440360074148,1.159807142604346,0.6047140128006959,0.03678870095887898,0.1200769459654056,2.0421814900135145,55.98798106032074,95.9304115361895,2.146501978785526,-0.12946512141985647,92.20065472429388,98.52460396545447,4606.930882502356,normal,806.911578081111
NOR-018,7.091851685854035,0.021392596173861685,-0.00040288434852173,7.050475768005572,7.116510485324172,340.3816869721182,72.99092030340128,4.314408332856402,-0.26252699740657576,66.33059528318765,81.06981434521337,3500.727036520064,36.513910053764135,0.04832452500794733,-0.0005161248430086805,36.406359298193934,36.56573995646878,1752.592215682596,154.20712759412356,3.0830885232556366,0.16439421564107926,149.31787518642034,159.14666414439873,7397.031593933477,8.85808613191348,2.282984180551312,0.14361842938854086,5.173658264063759,12.825653997911024,424.62185433555123,3.871008324150262,1.2129960793539407,0.07552945304538464,1.9317497949159856,5.6322300460162005,185.09696193673386,4.025099820259573,0.35285142514339485,0.0014949877502386016,3.4988239531583867,4.86939453475735,193.6786075423878,1.2350768645132768,0.2846621245953825,0.015828001563722598,0.8944938695475303,1.9068920136305332,58.17444979809908,0.9744693237925179,0.3489268702688408,0.017530893215223543,0.5586753634378325,1.667943285798096,46.053719477016706,95.9247810231407,2.0574292325058523,-0.11764904713974797,92.069594839673,99.41434555438526,4605.1207324152,normal,790.7841637632971
NOR-019,7.105526636767716,0.021615651070537905,0.00026213408361062875,7.066813167997296,7.13169771375455,341.1777585513946,74.19567325545037,4.495137688274484,-0.27589125065569287,67.094701972587,80.48787154889779,3561.4362888037704,36.51920185693588,0.057650818956780835,-0.0002791758456291701,36.38067976593162,36.59636549678329,1752.8870677689179,153.9743471876581,2.912645348427448,0.07838022522277237,148.7229096252892,159.41086292106164,7402.8339352517805,8.72435538185345,2.3302255978356765,0.14548379265253997,5.443610997815596,11.962095717232376,418.85506642628343,3.9107156475328186,1.4286018369241977,0.08917730967036103,1.7702232267839704,5.916376679951086,188.2461764967924,3.8881678594725524,0.3627605394773765,0.0002502522409427538,3.181605277837165,4.310452386203436,186.121166534961,1.1923361926919638,0.2956369459382904,0.017460219859015358,0.7178495441482752,1.8524885700010063,56.65022037399985,1.0235371864144314,0.4361124428884006,0.02337777060356091,0.3799895701401761,1.7654755608242143,48.748894808485915,95.63336873237566,1.7639437537782523,-0.10164069184676103,92.33144736865236,98.0930013887462,4590.539903723021,normal,804.1618867867357
NOR-020,7.0922240954273565,0.022924171181594333,-0.0005582772980718427,7.056812317964726,7.135235527611404,340.3314020457701,73.234175855223,4.106973358341647,-0.24814256539160418,65.52548580644002,78.95771552683102,3520.3209529009437,36.52629373138139,0.06145362315975462,-0.003176540553605454,36.431118788109565,36.6497565181848,1753.137041478895,153.34100860059465,3.167815888093804,0.06584389064715707,149.06480448259026,157.98078013652608,7358.570593618073,8.632317394286035,2.1298987351407472,0.1340901711433475,5.354909311630632,11.761172832543725,414.64834021452515,3.960597884929996,1.3341045780217293,0.08471831466072917,1.6907705216594808,5.8426261844945,190.88429660405183,3.923457179253582,0.35526319038789317,-0.0023038056081022035,3.3541463288316256,4.560677580274387,186.3745052342552,1.2179691898418705,0.3758098401775757,0.023077610145057433,0.6700252910068925,1.8970960475492424,58.200155194665,1.1044686352993562,0.5016563174624228,0.024884803178269705,0.1913556685467198,2.024715849716187,52.83771247939303,95.81151535415285,1.9937381093592956,-0.111978788226315,92.51897799803588,98.53671061771986,4599.930936980642,normal,777.2526928290936
NOR-021,7.1040994818378085,0.013101744272886977,0.00032073663890268506,7.084528432658226,7.126769714066991,341.00900347729123,73.81114967094844,4.469521895364012,-0.26924325987207637,67.24174570951374,81.88120980521036,3539.93387185987,36.515824979752445,0.06364280409015999,0.0011879372916636557,36.41619879579645,36.64639075931166,1752.815906178291,152.6912220140594,2.786015978386786,0.12478447981715447,147.64858982023986,157.5330356896551,7333.902396450947,8.358389205723956,2.5410942010629745,0.16027491062435417,4.155803121924208,11.795652342297284,402.73332776920273,3.9380451578044973,1.0952496793489566,0.06823815097933975,2.373262359564112,5.485270143788827,189.0832742801645,3.9166680596681425,0.5094791180163781,-0.004797478581181048,3.121555077682839,4.621928587163574,188.82708992485257,1.2342384152946342,0.2642561531563668,0.013908945869881765,0.8858650765089691,1.6924089521147043,59.24780143771818,1.0462554775671764,0.5128535218843863,0.029642380361941972,0.4129323229993011,1.87948073955296,49.60364334547593,95.66515493074618,2.2093997642222174,-0.13677552665851536,92.67783306762512,99.6439143368905,4589.944561589769,normal,801.3108854718724
NOR-022,7.102690896544669,0.021048261571040644,-0.00010989467090364266,7.077780587368958,7.140717145624886,340.9370220177656,73.56167129480576,3.8257935351272616,-0.22945125643131958,66.74305448259786,79.87224621836371,3527.1816042557048,36.492122459248385,0.05194670342323821,0.000722812066060344,36.39754039916914,36.598054744275984,1751.5369427670491,153.99919169169823,4.234422013212423,0.16341977827624346,146.6595358979162,161.9254462311366,7380.6537219061765,8.613863272040037,2.3356881439513737,0.14718523418748977,4.593940606321462,11.63044626796536,415.4721163975083,4.020677195023004,1.2746043525297697,0.08063200358393084,2.142975140964377,5.861356984684954,193.26299011344494,4.196410825192875,0.44830431339839294,0.0027134665372045607,3.4862049656052214,5.036778819095234,201.8758954741572,1.2394666915522536,0.31480481857797776,0.018118829007970787,0.7966451781927572,1.7854499284617291,59.28807774740822,0.9711463248139334,0.5984473205339569,0.03259743266479462,0.3346281987478183,2.245964938647666,44.63309745067478,95.45292783250657,1.59830550835811,-0.095446614052659,92.93979013656536,98.03221407299536,4581.608238871221,normal,786.580694281725
NOR-023,7.101297218322671,0.01640731211254222,5.218578185986142e-05,7.0763976011659775,7.127876860053459,340.9390944316226,72.97694162472554,4.30593329847425,-0.24916042106261543,64.68728069670512,78.9763806896413,3510.1414521186534,36.49889367114218,0.04297065715936539,0.0011542018292501495,36.448322112804966,36.55710055513724,1751.785413728091,152.24687024105077,3.385062080101257,0.12710677807995324,147.67558651063882,158.60128754768957,7293.848248067099,8.731197807967279,2.4048836330155083,0.14929624702198255,4.835258386473631,12.970571588680752,418.41062606398975,3.8757165552642614,1.2745825802206672,0.07884897092511495,1.83679412068078,5.764232755862241,184.84782769061138,3.91268939298423,0.3283230948661855,-0.00455209590815018,3.364197102491049,4.318798712143405,187.92254232854694,1.1937929805655787,0.3699523060241359,0.019324491717952433,0.5165247985183098,1.764350525956021,56.657672273343955,0.9549321355356735,0.6439318598239276,0.03621945181032858,0.0,2.0228235025543118,45.27085993797801,95.48680948705957,2.0723531639042494,-0.11927363963915141,92.68614768650136,98.48294038572448,4582.454944376329,normal,805.7681397499613
NOR-024,7.093297985606881,0.02819930698417961,0.0003507486095102197,7.04605515883123,7.14064812337215,340.3293138739924,73.72254673728004,4.144246999651239,-0.24949313128059217,66.11996989268971,79.66802980541031,3542.08302227622,36.50049997445279,0.03458514646526467,0.0012183698845413522,36.4438665297355,36.5474823742418,1751.9471341122203,154.11529132301453,3.383599417546849,0.056630394881175286,149.50368523263245,159.6003858037115,7401.967128274279,8.51040541742211,2.339926678307825,0.1480877188017993,4.317326167607424,12.48781180420199,408.930805762331,3.97762846816583,1.272995752742221,0.0789007391245007,1.4058331786680758,6.112163520375197,191.80068694653662,4.019927403799283,0.40808074586013815,-0.007635725656168736,3.552879129878068,4.780393976120422,194.8084191337595,1.1951355471699108,0.2885054900873143,0.016079500606391288,0.8063636362938001,1.781280428977886,56.9114958696883,0.9531468715109177,0.5311765300931006,0.02725573653207726,0.146280609450634,1.8931498769230184,44.655874929937475,95.70508928458106,1.5410391597511393,-0.0933858656880009,93.7443210800959,98.06958248811436,4593.036835661795,normal,782.7397642823481
NOR-025,7.0958432636631645,0.019059606761527514,0.0003191301822471309,7.068040172796173,7.128662478830794,340.639924881299,73.34180772595093,4.002850981052298,-0.2504019861027515,67.9767552858603,78.3806967201042,3521.059097737519,36.51419997270588,0.06771338244275102,0.002318668948284376,36.37354849331354,36.63457873565241,1752.8671092023435,154.48659265140742,4.2043125276983355,0.16966847447514824,147.6830766674029,162.431694604464,7413.073275329454,8.664899367840054,2.3760362993861617,0.1505189081049956,5.427936560539507,12.89859524503728,413.9217035165293,3.9093533370448594,1.388233258016382,0.08676791668173468,1.922022785373601,5.920510082785935,188.7441501622035,4.027231960232717,0.3891470103981045,0.0021739127916802436,3.4373847733506784,5.036769044336271,193.8095826929058,1.2329328525346148,0.3288397188068917,0.01928705842083492,0.7443524104599653,1.8094888060836252,58.84648920958188,1.0057485217290232,0.49151037055664915,0.025639629702916365,0.3440336634532215,1.96474607784407,47.10442813758601,95.86056472956436,1.6862081909734385,-0.1015046513026036,93.55270571115894,99.54519108237332,4598.553572350282,normal,790.4155663008825
NOR-026,7.095918661125612,0.024542778213590643,-0.0001862506311980006,7.0633714471231,7.137469181367618,340.66526899232326,73.62445036198064,4.5913222386756285,-0.2691619950338138,67.15025922840222,83.02136268967426,3525.0240224446925,36.505507757238746,0.047543757070404,0.002130297012364029,36.431664843123066,36.60539077891652,1752.0935019664587,152.80488654834284,2.9996805748940734,0.10009053603018268,147.67061576491733,159.8588843667069,7341.190752998147,8.628558213553696,2.2870815510862337,0.14323656887119357,5.814562638608542,11.897540700129076,413.14927652119917,4.080103638403816,1.1048959647922783,0.06854409124107567,2.073993720448515,5.755344212682947,196.50671333073558,4.005158565952998,0.40073300834707576,-0.0037230966115661306,3.555580949596082,4.649568601444897,193.31512247675968,1.1790217539055972,0.35690456531823983,0.021795117079833472,0.6919696190728821,1.6500246263752074,56.451191030619846,0.8758734273042719,0.49905100994482765,0.02705602614491885,0.2162755408283072,1.6900305736273271,42.67516660034484,95.4871892164043,1.5311130776116855,-0.09235026038595044,92.76545210636556,98.0891600630167,4585.190170118467,normal,796.0661992641052
NOR-027,7.102413992547436,0.014838036144816628,-0.00017762041100056003,7.081672972737596,7.124180939372116,340.95023136620057,72.7602373269119,4.295989636130567,-0.26957003060118745,66.29162236283068,80.8090086030963,3489.3310790675655,36.50055413133035,0.059890819855415264,0.0010579059157699313,36.37517001024685,36.58423686101039,1752.3208392935185,154.24803879997864,3.731993473420662,0.13446194711611206,148.49190439911987,160.87073828671555,7409.090648816371,8.503106460110034,2.4188571608298557,0.1536161516928386,4.36934831098705,12.537316852165716,408.34820559941613,3.9035999155636985,1.2188912205234568,0.07538619548124137,1.933255414122888,6.0141828523258845,187.09231907641475,4.144735777947172,0.29772352002041447,-0.005257032679534679,3.640729940483317,4.681305715621546,198.61832941545495,1.3059498551081818,0.34153118081968964,0.01959113131270913,0.8895662728710554,1.8698847841929864,62.06368169399994,0.8793289250800342,0.4377593971204573,0.02306393683095418,0.173525455539276,1.648038609255808,41.72160837814245,95.58385587417531,1.7736059591508573,-0.10282695148808844,92.173262019072,98.56865431677976,4590.723874320081,normal,790.8431630482623
NOR-028,7.089639701801283,0.013248026926371233,-0.000510499110590394,7.062054279080537,7.106903411839667,340.27680510976825,74.36469602288349,4.65505738346129,-0.2906945932933081,67.49829505514055,81.52782781312149,3571.8799271139733,36.510725432278726,0.0543612898458619,0.0008353899422832906,36.36774143024956,36.58381372514455,1752.3920977514956,153.9010291527244,3.5730388397242603,0.10325780393961734,146.6912397626201,160.63931658172268,7377.771052473388,8.559001941878943,2.3945569925463936,0.1505773092568431,4.9255099352503215,12.125249912332492,410.9665812825394,4.006078031845631,1.3220270757216117,0.08281115153916316,1.7363108472268791,6.22573218168751,192.39197159814398,3.955134751913456,0.36599690974275956,0.004220071024002065,3.2318650126842963,4.63615615866485,192.1135963759877,1.2804345623613504,0.3227750671114008,0.018553626762340222,0.8652047336985856,1.902453872238002,61.111707692431274,1.335654759029507,0.6679291695551819,0.03883168693093046,0.5518168250286556,2.414477577987636,63.59856472153719,95.51840643566106,1.7428992867816429,-0.10152136053484483,92.84828426714247,98.13776972068104,4584.985026678729,normal,777.9748078761954
NOR-029,7.10206182309825,0.012153561497106143,8.367792428946848e-05,7.075544564871939,7.113708923231364,340.9215822541049,72.9896106892156,4.78607431294263,-0.2953386269846309,64.5525584101521,82.58513632041077,3501.184366378086,36.51700861498677,0.052041939969034806,0.0005047007071329116,36.37841297645616,36.59157295159299,1753.0653766650166,154.57862131637359,3.6383386847941694,0.16631239206482604,148.77686386811752,160.6539571497634,7422.7576104986865,8.453695172951749,2.7125231131322867,0.1703480649562309,4.169270399858366,12.613537973387388,406.02653224699935,4.006327381263888,1.278471351943372,0.0793540368930056,1.7308753024861354,5.959633323309507,192.94800657413091,3.9831896670559974,0.43592331460524,-0.013537255901319463,3.499897214347109,4.954018559306498,191.92435530908654,1.1989410613705689,0.18353056038591503,0.010959608577027427,0.923458650191004,1.525340222259292,57.447337446369,1.319691349379459,0.53000564933538,0.031137291973973483,0.2718415382039088,2.027940725892201,63.64172342243974,95.85107731281131,1.8483376880538513,-0.09783950372972086,92.78404996130608,97.68947139813898,4603.206347386238,normal,814.4544802437055
NOR-030,7.0968923000063375,0.023318005189473905,0.00011135504176661073,7.056946669629124,7.12933049656012,340.730737115943,73.01726707566849,4.577366917792563,-0.26790734917251385,66.88018397206349,81.95293480921404,3497.028965890998,36.490204772934064,0.057076301325655575,-0.0005217520954794856,36.38478861296126,36.57423904482288,1751.657055946787,153.98241889491493,4.381602485073627,0.21775568574291448,148.4292153551134,163.63963525905592,7394.823120122712,8.672843120432535,2.352551460714206,0.14809669525986777,4.902884780325374,12.314593141042424,418.0777187125112,3.9063339825160477,1.3123159987785953,0.08300347243017735,1.5924965346052804,5.730168668410909,188.4840366848021,3.9135155103406367,0.46545467398223994,0.0006498709271749545,2.781814749087686,4.505971973792162,189.20384685942804,1.3257980733774726,0.35840716480820883,0.02086731284855042,0.9308850324960556,2.021333565623528,63.168846366013824,0.9770021208980744,0.575593398297501,0.029853036475754508,0.166875473486103,2.322278972557492,44.591763367400674,95.53419995515611,1.8220753866696597,-0.10053386303024646,92.35026484650535,98.15673385178115,4588.96727238895,normal,795.1125579703408
NOR-031,7.100140104602849,0.024474075742190054,3.319581795663944e-05,7.05553033298488,7.142257270753354,340.9177268077564,72.83438295067374,4.338054289239639,-0.26293156642206295,66.71787946376675,81.26963167991715,3491.412891147667,36.51323621260806,0.03892412368360845,0.001367462790969484,36.44295011784924,36.59047053242177,1752.6785884630042,152.73322551462368,3.144454937314975,0.12504093671504074,146.45736632515317,156.84365939337746,7335.51979227506,8.816228406676089,2.424560510132173,0.15213402256985722,5.362502923319775,12.547501996733214,422.62386730705066,3.9951512309013477,1.2713161153296841,0.07974281538723144,2.077054323029633,5.969956670935284,191.65384201894025,4.053279585350581,0.4567278841379299,-0.01220484118480427,3.323091872693856,4.796403425400932,194.51318116530985,1.1678786091311384,0.3536107109968653,0.020992663736986685,0.6422614367876922,1.8317604088745068,55.781643983494796,0.9259210682946416,0.3793867971441375,0.021259757011510633,0.4943349419331991,1.587749800697693,43.9735736419268,95.67842355969006,1.8015681979036424,-0.1134142473725177,92.96582336131488,98.17729772630214,4592.991782928649,normal,793.0197428515116
NOR-032,7.092348524186372,0.015707966564964076,0.0001425922703570426,7.063579737753101,7.1111702415746345,340.49654366502244,74.31069253261234,4.604652024598657,-0.28358370874505817,67.10228717314176,81.58802701467059,3566.775383320216,36.49096964317285,0.04056342644176594,-0.00011981256802821113,36.42551072883418,36.55291427008837,1751.6745493830194,153.4788136294643,4.454072433125606,0.22219301430372257,144.626450547848,159.5100572154094,7379.004904140047,8.487437216211664,2.2107760941904493,0.13633340159339813,5.053091423874598,12.692867547721375,405.85481729981456,3.852004043019399,1.3298009562674749,0.08160054190584952,2.063823623606058,6.006398270995773,183.65088581030182,4.12505547198694,0.42787797807608946,-0.0008354982531599733,3.4678119227217934,4.952131830426698,198.50755878566977,1.2025405732578511,0.32950714033549044,0.019096782659398667,0.7345415543874647,1.7437213069626152,57.51349132686778,0.9102617012862075,0.541746418362401,0.030441085680857054,0.062841898462987,2.027669607349706,42.352321979832915,95.34249660030028,1.7305548083392668,-0.09853507321286943,92.35433216246962,97.88404237923136,4573.966507987932,normal,799.9656437214758
NOR-033,7.099231905620205,0.020478414256372274,0.00035900893833984914,7.06383556290266,7.14099277401228,340.74430438657,74.0621434490762,4.168076580099547,-0.24413119056376964,68.34377367708035,80.40816535814817,3559.5850302792846,36.49481714463115,0.06006633695198191,-0.0006143638718401971,36.413739070249335,36.62233230989447,1751.7751021989593,154.80973264627062,3.890624103119213,0.19678483657975815,151.13356056377472,162.49413183279307,7422.142221362993,8.876979981403469,2.3482748132663187,0.14906333278524336,5.016780321407973,12.758242684868591,426.05291302042724,3.8438916877553093,1.418693811826698,0.08925502311012683,1.4635026177356527,5.733719250177431,185.4879240274499,4.084026527463465,0.2939626569570454,0.009268410392370358,3.555386756443997,4.657073027081562,195.38176915156623,1.2654417882246976,0.20636873387318938,0.01054909445592507,1.0037394200882124,1.629533040287885,60.58919880399938,0.9835128614124623,0.520805085262055,0.025531189130454154,0.106156057535832,1.6375312406019285,47.7191357541015,95.57908735332427,1.6187733983299346,-0.09760996915387093,93.17379464258518,98.80113591687808,4586.162681253935,normal,804.0230870711492
NOR-034,7.103098861215279,0.022046333640262327,-0.0001663618735141122,7.063845067286308,7.148006769000101,340.95568739340644,73.1006813621743,4.164670985134666,-0.2567920368439227,65.16135625920043,80.18599646292753,3510.540725388808,36.47947988792859,0.03897562413508371,0.0005535996113591348,36.4312581379168,36.55531649637904,1751.1201843328254,153.4399310972905,3.537544134902344,0.08251778297919059,147.63149286753773,162.70560638163118,7369.497049936819,8.668841470278766,2.4621168660646346,0.1557225347943712,5.02287371436546,12.15705477088399,416.64678736318217,3.98456616610328,1.320159635604149,0.08302561288854463,1.9015787084200388,6.198485445730169,190.9973123290701,4.007040997881051,0.2726490817501841,-0.006803920003226829,3.513938812746953,4.321639205553805,191.54108764292303,1.2512983747210877,0.2814643624247491,0.014218987667417698,0.7044204846182207,1.8668066666970475,58.97724287724514,1.1167465419219131,0.5077300016104688,0.025010238016546765,0.4132304438774186,1.9649352588678577,52.917946435977704,95.8377812987016,2.103293540318408,-0.12569279119990073,92.46632886560904,100.0,4596.891041809404,normal,801.5817051475998
NOR-035,7.096174666528264,0.012163980537920196,0.0002737654436615065,7.081119952571789,7.123705396374702,340.53515232782485,73.15360775839146,4.042644119506885,-0.24100237950436096,67.91105096642478,80.31309680344057,3507.539307896625,36.49635827331352,0.06283661317381112,0.00011594852643327002,36.41906405710154,36.618081527415306,1751.87018594344,152.01737516903975,4.789162763622968,0.19831946036907236,144.22299412555046,160.0825760915577,7305.267949377819,8.488944540838885,2.5803079864936826,0.16153394934445664,4.513975012891258,11.793903646388294,409.2450146433778,3.8848540840585617,1.3669452754225364,0.08708371421226613,1.9474054685706612,5.958144898981316,186.2013116359413,3.7618565195219364,0.20076485046108666,0.0026215992728499363,3.420171625170256,4.062328396125569,181.02560903664613,1.2207054338457997,0.3351578863944771,0.018985800329821074,0.7000227487510116,1.7500498633406851,58.883364485802275,1.0674192352549066,0.512141522136856,0.023903900850878044,0.2749426872918707,2.2094047643541592,48.82398779197054,95.51036254531729,1.3662897265805047,-0.06964921255859488,92.99327770108064,97.55071470268685,4585.450867548964,normal,803.493786125907
NOR-036,7.107198296003348,0.022664369091902795,-0.00028005771345700675,7.073738874911636,7.135852619249497,341.2337825995455,73.1430928586263,4.539062395506146,-0.2854021332145035,66.45826911762464,79.87869921134329,3510.766891990632,36.49517336575226,0.05070489075544214,0.000422181306328442,36.42413666348151,36.57215497621407,1751.532173416071,154.16393090845585,4.7939951505516145,0.17143834200977986,146.56198324515708,161.95712149058917,7392.509140247908,8.562901592185613,2.227621761657307,0.13779215890601185,5.084323928047245,11.858203453860051,411.91895944183824,3.9734730141842607,1.3170837720666508,0.08274582712110246,2.081795514838696,6.136090424218141,190.18482485946788,4.113295759514282,0.36413877540175554,-0.006844298314505537,3.5620898274249813,4.8426538334001386,198.23783834978443,1.1662738022633108,0.34896630538421736,0.020986895245828616,0.7045264488057652,1.7053636382002315,55.855095418924186,1.0796123337519403,0.6146579178456183,0.03627217985896961,0.2822887652807666,2.102658804497568,51.369946215544225,95.46054920868916,2.0695008275925684,-0.12563033517803956,92.1238745519606,98.2665351291669,4581.121871981539,normal,786.2796242025695
NOR-037,7.099906307927734,0.01791537530910658,0.00017770555735261453,7.0656383531946485,7.134955021691706,340.7893937637494,73.46427579484163,5.396500037964683,-0.33985900137569014,66.33322042678039,82.66670871667219,3522.1424830448595,36.499262989901304,0.059752572153280385,-0.0017625051185167816,36.41418569226425,36.5810740324064,1752.0511114192907,153.30053613240455,3.550162025729143,0.1724288514993962,148.75669203251113,158.68177610156906,7351.038522398489,8.428948257229965,2.354903180917354,0.1482228485085782,4.732054086870996,11.869224580460235,403.4296155491392,3.8523779476419255,1.2903740525810827,0.08089840430900594,1.9863826095519828,5.992319397170223,184.36624926393574,3.8358437293866174,0.3749862236774866,7.52124883457378e-06,3.530215569588304,4.617733524156195,183.11912088078523,1.159761809350519,0.3161958357164412,0.01814076296028779,0.5373223723862154,1.649175772647842,55.549264782766194,0.9459261168639558,0.6173792821396431,0.03451863214113,0.1026665175226457,2.054002671735456,44.90059442720049,95.74204872780008,1.5471751853996158,-0.09056312698803246,92.71757877698352,98.39720005218324,4597.345638864112,normal,785.7133446888225
NOR-038,7.102223095911991,0.013033333482488772,-0.00035705453177229605,7.079438079418913,7.121489980571586,340.91439024817555,73.14569083863206,4.069424743789379,-0.2425428619054998,67.12611759386765,79.2705419369665,3514.0858357448,36.48220615537984,0.04140831833914394,0.0009277900939327137,36.41570585827898,36.57040217054642,1751.1960186317806,154.4779563653939,3.812830184758006,0.19614993656802018,150.00818731531925,161.80701832670732,7408.956330936967,8.50365199093088,2.3529422102973587,0.1471387741258452,4.79171288873223,12.097532183637618,408.4114133836661,3.9274341481046298,1.369467440767573,0.08561394981564081,1.9364846420911697,5.9702068563036965,189.07935301198302,3.9170354011209656,0.3506743359379308,0.0009328624606926887,3.2393045893869,4.671265752513336,187.4285347618754,1.2791551168088238,0.3804518346781481,0.021512681980685927,0.7042368541649652,2.095311975339505,60.443284979130645,0.9740985503564539,0.49037161803589363,0.029645012809477535,0.0618549935996017,1.7869137165331146,46.95558719827018,95.97977873234274,1.7906757371925044,-0.10265339633367278,93.4664519564813,99.266061216152,4605.11710164917,normal,794.2068399967122
NOR-039,7.093122804373367,0.021016517450073623,0.00011268228820949055,7.049205336578061,7.124879070191264,340.4114908866618,72.93506081146855,4.089856262659731,-0.25535506631462346,66.58763835927995,79.9035825243943,3499.6407204290153,36.49599357647089,0.05640909678846599,-0.002035213800376911,36.370689844557205,36.5967893529906,1751.6287205279325,155.10705418902435,3.4509322506172184,0.07943281009064898,147.4691519967372,160.63713953060994,7438.017477409345,8.459693324021234,2.5393955787545184,0.1587398350168958,4.768361676164928,12.49841475747874,404.84714383117785,3.9397197198809435,1.1824470558897333,0.07509792298969059,2.282518022923342,5.753906225116885,188.79257693772857,4.08967703839744,0.2817480945069792,-0.0004170243242796059,3.85974530772642,4.837255992510842,197.04553131643704,1.2617195782356954,0.3135741931294423,0.01567255855018939,0.5255016940907442,1.681742181435433,61.28026750975793,1.1237746369778283,0.6811093250765985,0.038742933207822405,0.2799026328994334,2.032526748045686,54.18838713043996,95.73083864946776,1.7415936983781677,-0.09605636217603129,92.88526057131138,98.16952123834608,4593.384152043294,normal,803.6470180049046
NOR-040,7.10305952885418,0.020100287295664127,-0.00018731341442383072,7.062433090975899,7.138431141492341,340.9500768318621,73.3817082025252,4.808467731718062,-0.29271182569213,66.2694122067736,81.90985138765086,3512.543401148131,36.47928466429441,0.046970965628450115,-0.00017105868955722317,36.39439294902965,36.55584709136404,1751.067105431986,152.27023831860276,3.2767301420674744,0.1351722506579018,147.4345202140217,159.6206249503915,7311.069079635751,8.53115800051689,2.4946639068997234,0.15657464587360315,4.117250723643108,12.406330144788445,410.57305429001514,3.8953619353719535,1.3016808472830927,0.07982833046010678,1.8202867448250155,5.433557836737369,188.05577303314462,4.058752279147746,0.4184226726018196,0.0060739236379140716,3.592347777200163,5.080947922485963,194.73554952145645,1.2530419515518598,0.28795578097361907,0.016074163821572705,0.909484965371106,1.7268386986729534,59.713330789861935,0.9880327584219492,0.5035510863831494,0.02942050780326229,0.1541055742991122,1.837473173587632,47.096788913264255,95.84780454174572,1.5855933208801178,-0.09585043104689879,93.18819964291664,98.12727123661574,4601.799484236234,normal,795.9763313477993
NOR-041,7.097403397178736,0.01476622061436842,-0.0001889351945437675,7.079012076799007,7.129089977681586,340.7406873426738,73.30220071445741,3.961723175296219,-0.23313593949762326,67.20493609771445,80.35789678836964,3516.5887713796174,36.51420361010182,0.062290044562565136,-0.0006823686400709972,36.3904237902663,36.61606772281354,1752.9147113667027,154.04197590625353,2.9632148697302676,0.1158795560306829,148.06514912355448,158.10685294765062,7388.765493401597,8.64065170224984,2.335585476300438,0.14681286051830197,4.265549055511334,12.01455255638999,416.7536852931891,3.7843598254178143,1.1535945799040694,0.0722378535594775,2.285230622391143,5.454926280483587,181.06986175732243,3.831338092637616,0.48119742284716355,-0.0024610672154831087,3.120552205955658,4.66548277035207,185.51905387964655,1.1985485735387538,0.35769441194910667,0.021394090879496175,0.7677666454064556,1.843775765938542,57.10144100132521,1.0789035444940132,0.36556321985469775,0.011020410475482212,0.3711141379844945,1.6116704640698556,50.179903826677126,95.6543680170928,1.8534565779056127,-0.10791658360199233,92.09174444711218,97.94504525464562,4593.953557485312,normal,794.2544217998246
NOR-042,7.098448705818417,0.02333966659727396,4.688063031869168e-05,7.051551414043753,7.140141302848134,340.82191456048287,73.67779147303844,4.57697309854394,-0.28388468092297664,64.61336611047624,80.36986933696025,3541.278685703126,36.50739925121625,0.053642209747174194,0.0022456538264473045,36.4066318150377,36.58030654064936,1752.2205365325776,153.8150306696665,3.8492417286618332,0.1180979355960561,149.1831470807433,162.5667120991123,7384.637731023977,8.298377123586373,2.3424191623986044,0.1471723257185914,4.785932096887474,12.261759529253668,397.4202271742091,4.08478913328447,1.2728305259432011,0.08003559297655481,1.9123506785890827,6.0609507708568175,196.46243203190068,4.035631897812508,0.4765979710612894,0.009356555803325057,3.150036137767411,4.816845255597312,191.87115741359793,1.1923570329675532,0.35397893745537323,0.01957153104724452,0.6904668465156749,1.9873847267732292,57.694985559179734,0.9967863489698072,0.5525597837403292,0.031050174564287446,0.0,2.0212490229535867,47.79039210052279,95.88056175520647,1.6990624350608428,-0.1008503849407715,93.51067008335694,99.14100502024792,4600.4369295328215,normal,811.392937338678
NOR-043,7.096498169828516,0.021140220497388174,0.0004390916590005362,7.048788610127291,7.12612888890011,340.5632248158679,74.51132934527067,4.18663150552667,-0.2521308316387541,66.69212056038086,80.21138959796725,3581.3122712741115,36.50578915302062,0.052111053389283686,0.0009272751043990685,36.38842229262325,36.57802672004132,1752.6312900033176,152.54008206792275,3.5517535681502252,0.16551387043938537,148.3208933534237,158.5926232178579,7326.013568501301,8.911112227017005,2.5968206939060194,0.1629957185393576,5.300822172681046,12.945518136013137,426.8851551874959,3.8573777438965027,1.5102357449677029,0.09505098868163031,1.5004853106711278,5.984960820262837,185.61275042075022,3.7855497815969654,0.5241517662471564,-0.0016172291821861511,3.0152369737174074,5.007865131485377,182.58686178941403,1.2145352334629804,0.2730766919704594,0.015181779985665627,0.794141443743833,1.778983085755545,58.24601226507847,0.9604405092178493,0.47237398889482424,0.023903064055324146,0.2941590204610721,1.6658957912511996,45.1009296745121,95.28165941776868,1.4701333950417437,-0.08003150234334665,92.69898564006176,97.17063540230303,4574.907047639243,normal,795.7895810098664
NOR-044,7.100477730984723,0.016413098458067703,-0.00020064887608472416,7.078512522505041,7.135964663251632,340.8035762674425,72.77938025153766,3.610730059879554,-0.2134929565331903,66.31290024407737,78.81255686268474,3494.2768588664353,36.5045726406392,0.04517349129511298,0.0015807603859593015,36.4216061487608,36.58551105606531,1752.3716186670022,153.23189333035685,3.1814026422391564,0.08242265085343108,146.3604683730182,159.52102961522502,7371.280425004283,8.73342490824993,2.294813767550683,0.1420551283432048,4.948440546786135,12.333416219626992,419.5743816961701,4.0139402057173985,1.37420827974269,0.08678889015019256,2.1625986776478348,5.829876095454651,192.77973781812557,3.9911853795256937,0.37524774791621246,0.0033693207090439437,3.2005882894791697,4.563916280059202,190.13079543570962,1.2577018517555592,0.23035321159906333,0.012546117973318602,0.9212310614355544,1.6579675608075273,60.07746128532576,1.161152304541429,0.5875962527994594,0.034744701481910216,0.0,2.1476399419556,56.661574508241394,95.50232480184988,1.746464115037748,-0.10625006891387387,93.06139573311692,98.0418997901279,4583.914298649704,normal,816.2459645474486
NOR-045,7.1003989785669575,0.022393658359348704,-0.00025960621193872005,7.049101495932481,7.133789871419356,340.87236101291734,73.38926732255106,4.659341587133228,-0.27825566675021723,66.03914513401365,79.88044453351172,3523.820092769899,36.4987444479717,0.032823758294900016,-0.0001679198229210749,36.442251562230254,36.54016701406641,1751.859601788903,153.47593441951508,2.8488539763477267,0.12377681129265004,149.12108140520803,157.38047602721727,7366.683955789373,8.421123303888537,2.3355909700214053,0.14621616088479916,4.978891321349889,11.809518178941794,404.32159280162057,3.946484203561058,1.360474164456662,0.08639379946539666,1.8719016403289888,6.1318052537941306,189.2097647969288,3.894207680553478,0.38621358520995014,-0.001900508465073726,3.232923454773492,4.519809602643056,185.31497325702423,1.2482365174673724,0.3199177974379036,0.016891967150788938,0.818805038933866,2.0408642945897806,58.89537860541104,0.8084085697521928,0.5450880451164583,0.02772971050584932,0.0,1.7514887918544833,37.655220958858244,95.35556420643852,1.3193953098105757,-0.06821748564204556,93.7905346079035,98.08177455956492,4574.3634649498135,normal,809.116909381433
NOR-046,7.094938446361196,0.018967583125027016,8.473955661553727e-05,7.054308015470136,7.119283637702901,340.56439121163623,72.8842140613936,4.132256611970522,-0.25732492455417294,65.90235626889535,79.35213325422549,3499.470152146226,36.50084633758352,0.05504438542258422,-0.0004065433814743842,36.41779795334313,36.60696969337052,1751.942689682219,153.45860694032913,3.3016952130572466,0.13815923438074726,147.84876899634114,159.55050448628506,7378.497184384259,8.527073702890617,2.5715567986005126,0.16096653466982183,4.1394823704438775,11.648360946919931,411.83214591558436,4.028222345917993,1.2718434987975755,0.0807711474589733,2.237147653671857,6.196391620707376,192.3683534366244,3.9746019968673716,0.32486491862359923,-0.0006824803072405059,3.533464299480617,4.496969096625947,191.92928385534879,1.2024117727048587,0.2821137263224808,0.015351558201604285,0.9324265299270262,1.7383275406884229,57.18390403942175,1.0765385386298196,0.5567763575034711,0.02949455515757292,0.1467588774236436,1.8860428420319235,51.63826628641146,95.87159527154068,1.7655605091368527,-0.10434121759668842,92.91648207675944,98.61934801638732,4604.483140970637,normal,797.399279930391
NOR-047,7.093671022261487,0.021571838245582294,9.227799944045977e-05,7.055163558505313,7.119005220272336,340.5204077330093,73.58289681169366,5.5124868547673564,-0.33816626325326127,65.54833275622688,81.8287339978262,3530.412059267996,36.498926417994,0.052386826657567984,-0.0018222321833208262,36.43370917114356,36.57396331617686,1751.9030455818843,153.72654086467725,3.3680399195876713,0.05597196746908902,147.879778683231,159.72117220857615,7377.944994767555,8.705830600886454,2.428553825208253,0.15408846846391827,5.218447551544532,12.677098931655085,416.91209827969647,3.800405454813618,1.1754854171543792,0.0740793883734154,1.9129700127233569,5.956284899501134,181.8825738258591,4.008692303095886,0.3089487827758363,0.007671580425829666,3.5512695572767976,4.670308458960873,192.56117739588436,1.290644388297777,0.37219306234299726,0.02251827079965416,0.8473536856060069,1.9000700750337305,61.50902425575359,1.032241715510285,0.6270199499543869,0.03473539602787044,0.0,2.017027019048081,48.859408330116196,95.44288803514983,2.0453072780129853,-0.11410430833333393,92.34191408397062,99.48602978654264,4582.977619602689,normal,802.7593812921414
NOR-048,7.082119083574636,0.015920717348701735,0.0004326730226574803,7.053102356720194,7.10234112247047,339.9649350947514,73.54570902978594,4.544600270825164,-0.2755275477593408,67.10944230452503,80.88890284606401,3528.3801792476906,36.49158424351214,0.045337682820203916,-0.001081856250911778,36.44152244276504,36.60663829406346,1751.5747126168544,153.60735242702313,3.9010740543421942,0.21298470152712612,146.24570068112305,159.36557350372672,7376.359777835505,8.781877013292213,2.3295050575491096,0.14713875154365047,5.051073353299575,12.361750058001077,421.83195786859375,3.925921546833169,1.2117341197815477,0.07628306325782105,2.017519489306938,5.750304457288125,188.61227254213466,4.0042924924001575,0.4130447544624451,-0.009120382519939586,3.4189384265524723,4.678274937501105,193.5826842419091,1.2182594570245233,0.3026182448843092,0.016251385980172728,0.8850494243921438,1.7113574037564006,58.068399209161,1.076324851453617,0.4852941391460966,0.028372928295902742,0.4140569917395632,1.895388932996405,50.890477554849554,95.42246717093028,1.9310911320969906,-0.11778518055013674,92.2051259645111,97.82641228712272,4580.263664502921,normal,790.446322305765
NOR-049,7.0987589095215515,0.015433090850453624,-0.0002862834482793911,7.069012609997301,7.128924484266991,340.80786971372277,73.36560410516496,4.656231989429895,-0.2897595380831321,65.43610760930811,81.29086549770713,3521.5574672545476,36.49317880445653,0.058096400209685636,-0.0005563501447453015,36.38462526502884,36.57827034957336,1751.6241259642047,154.6496220622412,3.9033585288685653,0.1712772354497512,148.9619638011069,162.60189357901547,7435.172220388329,8.62055317703973,2.126757494723269,0.13544836038880975,5.4832814683930815,11.99557394581405,414.31243949033444,4.027338483118226,1.26064852383638,0.07887109604187717,2.434452448695623,6.069698794042561,193.44739915149876,4.136461279096014,0.3404095394733234,0.006652964896704214,3.559208212055933,4.640087054870145,199.74406364544825,1.2242393650652423,0.3283627463612858,0.019988610059904117,0.671089643199184,1.8301102166420693,58.20520843757848,0.8410137727358761,0.5570494908764954,0.028083849146037034,0.0,1.8416814456118904,38.85319925913277,95.6244859013626,1.5716842832623883,-0.09196003090892113,92.64621918293808,98.30784935166386,4590.565129801654,normal,790.7485887614195
NOR-050,7.097433121899284,0.016747426904259118,0.00043444763719920445,7.0652747393492525,7.121326375536316,340.6707483222695,73.06411827467028,4.036869058177696,-0.2517521407908302,66.42788931476045,78.69912813784197,3509.0801153776497,36.493647500122535,0.0440365234197215,0.0003994776344195874,36.41729961998208,36.57389390697366,1751.5171100834798,155.12953713140874,3.8814207045139417,0.004644784264223182,147.4189200631235,162.2562538932251,7425.374827169305,8.682959032108602,2.4968252327392424,0.15703794784378805,4.65627257456665,12.656853883953032,416.88761675260787,3.926290312620791,1.363652933840651,0.08522771334173808,1.5053731944605802,6.073777158808596,189.00879554974279,3.925267163314525,0.29816066225570886,0.0006051033617692421,3.5718058762249623,4.591961882161872,188.96587496982679,1.2435421174090977,0.3552206484778657,0.02028020447700995,0.7444206012212692,1.80238897893716,59.280238800176946,1.0373074644006748,0.43266645343723137,0.024965956800537575,0.2669265878099941,1.7792082508282472,49.84771847155859,95.6854525611311,1.6532204226507057,-0.09671338637465496,93.61747147992604,98.6707811597253,4591.047649844424,normal,817.3182193180635
NOR-051,7.089567402184583,0.01705073237859159,-0.0001488804483527062,7.0693543459445385,7.11723820416492,340.2614834801437,72.96931804472686,4.333870060814632,-0.25520220661777376,64.99411864986814,79.24499673118859,3507.1452623333844,36.48852929765729,0.06364503725131206,0.00012898769108760942,36.40756053941182,36.58415464147678,1751.5940262768,152.55445618583346,4.6862682356960725,0.2469598176501575,145.1770331446515,160.46370068078502,7330.116837544112,8.626144480140585,2.4770088998204622,0.15660313365175338,5.087378302421266,12.243361806527371,413.6982527010103,3.952110408649057,1.2699790118453924,0.07925663598349002,1.8365974820682451,6.022147438766534,189.79225140808143,3.930587909521646,0.5238551278508108,0.009838522907085862,3.3180948361830964,4.864555524010716,187.54498914666624,1.20466955238982,0.3319475763959453,0.018619918399108537,0.4735304346891053,1.6824861584832131,58.00195540407883,0.9275660724113339,0.681846346565734,0.037801965770954474,0.0,2.135523638511393,44.65829497982605,95.47964166728813,1.761995702288071,-0.10226530462728953,93.12113012081576,98.57700421048492,4581.545098036383,normal,816.5779196909903
NOR-052,7.098844781845502,0.02275102182055291,-0.0002276119694922624,7.065185583537406,7.141822950335917,340.74556661908935,73.32766091016327,3.8485203289611647,-0.23294716491962908,68.74890864530558,81.13666479561665,3512.285988499074,36.50865637248126,0.033736547380918906,-0.0006430740569453238,36.44157107137845,36.56830986455876,1752.5636033620183,153.03888424158362,3.6920419123303785,0.1737568652839604,146.3529481495833,157.89279719529702,7349.450345758405,8.732716929243596,2.316363400616013,0.14492860527180162,4.990631427053561,12.925180255409858,416.35824629764,3.902850556280037,1.2102894799023867,0.07404569183112637,1.8523134493848343,5.982959893621327,187.27768224054967,3.8128765257074444,0.5018555795357256,-5.975341733281421e-05,3.1529549281247853,4.800669841765927,184.55529487307373,1.2564383224693028,0.27356525681871624,0.01583251330143594,0.8264613284361504,1.807033983083227,59.833971634764914,0.9867994442037265,0.58374915727254,0.03076247388454735,0.0104367029050459,2.15054627738913,45.8634327637493,95.28520512399308,1.8299062303547091,-0.09934156154528563,90.70208691515744,97.235526409178,4579.425725185732,normal,806.3930109670737
NOR-053,7.1010887645442455,0.019484197129979366,-0.0005426378623026899,7.062850443287853,7.1260162814628325,340.77782939006386,73.02093668332381,4.503106694126463,-0.27326976473915077,63.45284276791337,79.29803780993606,3511.58694637714,36.53199230593965,0.04395720828507237,-0.000660498137420231,36.43908651070544,36.62525421677312,1753.4863815159345,153.93577538810422,4.636187416942378,0.12490963944424116,145.05183499944113,161.95136119281543,7396.5950301688745,8.567742038293652,2.4618750698683116,0.15519228228576604,5.519840935204684,11.784422889412571,410.7454363977654,3.7939556765650124,1.3038279922451488,0.08175804356814122,1.7719753961595546,5.394334391396819,183.3655846562131,4.073818744148219,0.41268827049065054,-0.0043734472684772655,3.312911041084348,4.883283927815359,194.76320163023667,1.2821078423612775,0.36725422405221153,0.020775345755116966,0.603885873895348,1.7221578174728087,61.6089732494797,1.0347432690876215,0.4925587592766888,0.026486632289104032,0.3534357816806197,1.6871256061871345,49.22245440111578,95.79638261788715,1.429843671580135,-0.08147011854494349,93.51290331539484,97.9893385839045,4598.467496313584,normal,786.1016409163933
NOR-054,7.098615245350216,0.02039159358577466,0.0003704247741376793,7.066287646480953,7.137734411305017,340.74333202914386,73.01667066614301,4.104798421513305,-0.25078868701369345,67.15594310278955,79.71122118816302,3501.859366016032,36.48114123305706,0.051267130150892924,-0.002094109662445343,36.42751489160764,36.57749167980036,1751.1430384640237,152.82581458658356,4.54375613395953,0.18259594544061483,145.0123437492545,159.98979019729427,7336.269172220588,8.499345547383443,2.2478218459600057,0.14314065975749637,4.829453907412476,11.95661560502566,408.39382943906276,3.935200243079884,1.2672595990208386,0.07900814692924961,1.807837699556636,5.443999529891058,189.54245219265368,3.997043880292037,0.3961836120232701,0.003753884991779425,3.203939892002245,4.66154591190879,193.5945520678648,1.193585585676814,0.3379234044459265,0.02045506018541983,0.7362166339237455,1.7452744335460797,56.9514562306911,1.0977701743185366,0.38845017211040517,0.022438770627775224,0.4794626973693821,1.7427494749210957,52.1710839718598,95.98728664231658,1.8088136484311044,-0.1088821956756245,92.2422746221672,98.302402458138,4610.277452748558,normal,817.6280446327922
NOR-055,7.097582804256474,0.028981535054246475,-0.000844590932220042,7.059497635363652,7.150436988517609,340.65443657357406,73.13579238566163,4.585310251466926,-0.27227880617481176,67.1435059109599,80.14355540313007,3505.060371223321,36.517441082541346,0.031704291770209024,0.0007108717535575661,36.46106381175646,36.56682408138574,1752.8999989790404,153.216822331189,2.9115623335012875,0.08001224943181365,149.3736857637149,156.7851293700254,7354.725231592582,8.73261286472924,2.185689008426528,0.1365657643195854,5.108172213864942,11.961698139595192,419.9561282590003,3.876109547524488,1.272831540743954,0.08043589307332233,2.1035864707956136,5.63734846475164,186.32091981748295,3.8375719121705294,0.5527233760888427,0.0013233498235763286,2.911261643698368,4.828031601414187,183.61203906658275,1.1928131590932045,0.2774178812071303,0.016867826359623687,0.701736550077039,1.626019991653967,57.37077118938461,1.0868161371565,0.4588345281310318,0.022549570205314586,0.2467479932298584,1.9208159156550904,50.78296381435097,95.68269784268976,1.591309217169994,-0.0958386884057922,93.5409989547158,98.9055528905636,4589.909658921681,normal,802.8175784001239
NOR-056,7.104005177452853,0.020587128449615678,-0.00037094368630170133,7.07230857855014,7.137453077242824,341.00633159668547,74.15354236731987,4.2643266912794715,-0.2552225953729225,67.62762385560491,80.85416169478535,3559.020631999853,36.50401774162664,0.044109464169899006,-0.000788508150488614,36.42652365903714,36.58079965886719,1752.3395700676526,152.9568241735679,2.7285031204004073,0.09415545642330292,146.59794175055114,157.50187834606518,7339.040373999871,8.43841459235076,2.365212054961024,0.14867118670500107,4.450538933436501,12.147277772943797,405.6019253894791,3.910804635836014,1.2862566917962972,0.08039198735908469,2.0786578837136567,6.016958694014719,186.5263824390624,4.054696997823422,0.4689956376073527,-0.005259882042057691,3.248090891324515,4.947168686175456,193.80736738618984,1.2004988164328314,0.3431863736202117,0.018831483429002583,0.7139259391025008,1.8007530122039692,57.01165147446862,1.1108465941536267,0.4586696456029445,0.025313037827556343,0.4537714491545955,1.833801805162567,52.584872037566456,95.7002208858812,1.5869926874711615,-0.09300334506114846,92.97954432708693,98.60651802821413,4593.239361355219,normal,812.0804085145785
NOR-057,7.105138714161591,0.021447451092285783,0.0004112935718803782,7.075501061221612,7.142458437035383,341.024124253928,74.18055446610457,4.527903293364164,-0.27699627592392645,67.01224992627473,80.00182066776907,3563.36069104935,36.50225728425151,0.049557876619398714,0.0006970699250256221,36.40054329748006,36.57652915085871,1752.0712852009851,153.3961512689001,3.006156767523568,0.07332790959644982,148.60025985479427,160.53894207481412,7367.778909710929,8.79154217660775,2.338144650712114,0.1483340591648665,5.193489450215396,12.32455261343847,422.12410905629525,3.9149190899088544,1.3447579672684693,0.08506392081298869,1.6454069362765642,5.8629329697850965,188.5591128631371,3.913149473172174,0.33882640913833123,-0.0158009772821126,3.1734867984287014,4.480254769940889,188.3201781917437,1.1944291924556576,0.3329548852608953,0.01925097799813632,0.780763560791111,1.997705426032496,56.52898447895146,0.9285815976842328,0.5734313927913156,0.029673881986565592,0.0151500112207215,2.0750758056205907,43.263998676285595,95.5411414784368,1.5725536538409721,-0.09184036291705114,91.98855500632487,97.59250982670042,4589.347878460671,normal,783.4353618895757
NOR-058,7.094168655468002,0.019111586560429734,-0.00030507239237659604,7.063720085999727,7.120266595562462,340.4972821245854,73.62884155832798,3.9191763614312656,-0.24000601095733173,67.76880004673946,80.79303469796197,3531.576091543652,36.517732278465566,0.045374945000676584,0.001063484340442336,36.43055241960848,36.56865586773825,1752.7062991278583,154.47048196388567,3.5641183647218004,0.1495865551357619,148.41886926250692,158.70345733425253,7403.840767471777,8.43198672110844,2.6200241707947063,0.16576650271608795,4.3779894707749785,12.873961209159852,401.9685867234022,4.069683143832172,1.2001282114332572,0.07571023909392362,2.293805052246359,6.125115768435119,195.73501863620947,3.985218328537152,0.2981982077408106,0.010105531133358369,3.4036405437827453,4.483583240743733,191.70420465801124,1.2227365968198969,0.26785224898970955,0.015342698139636584,0.8404542212916724,1.5955201775471377,58.675455397507605,0.8277789453088785,0.3848524747628971,0.014129367535787899,0.1742246326019787,1.6918838403057446,40.35901523389682,95.38601576683917,1.5609739173742578,-0.09254202826122301,92.49107718357112,97.69099697230732,4580.035000142388,normal,800.2480880540428
NOR-059,7.094254442747514,0.022723908709549354,-0.0005037236433390834,7.056795730097157,7.134703526720863,340.43164567113627,73.46961527912525,3.9715694673461854,-0.2296363072961095,68.3074653711997,81.02046622970886,3521.7641313126956,36.51892261110653,0.0362211712403977,-0.0006972217360432007,36.43572699160226,36.592530735585925,1752.896286471484,154.31523997489163,2.7075407590628844,0.09336104807811091,149.33763970987312,158.26705168229856,7409.1830959100225,8.490395772142701,2.608746202304292,0.16601801897886756,4.626834605446921,12.163558128838837,407.91979468284893,3.7766994971531536,1.3975612228234824,0.08884268289946212,1.7918946135340523,5.970859452340295,180.86286572021532,4.135265446042032,0.452217260805536,-0.004467933549960934,3.4864352485804067,4.940892300795276,198.25232374917624,1.2120260214583571,0.3434597259231428,0.01902148555979617,0.6920135473886271,1.802383383004721,57.81838463719315,1.0041954711174708,0.5068177151849529,0.02850802599573579,0.3929309195526701,1.8867290369362064,46.94737156099585,95.69721866491999,1.7185402598203916,-0.0894310922977736,93.10546541848474,98.60165501994202,4594.29013052781,normal,813.5513138411073
NOR-060,7.104918294926171,0.020750943275887508,-0.00040663980447118973,7.064349693542411,7.150047734698001,341.019697868729,73.20755761689,4.402196970646777,-0.2698460456186989,67.69142766345628,81.6015067780261,3513.217851635243,36.5103137513714,0.052962006301260266,-0.0021049846138514313,36.42189893259285,36.59879191916984,1752.3879257389854,153.2902887326435,3.1476550043978744,0.12296342169140038,148.3135904087872,158.20540439396228,7353.930347844693,8.787287303952612,2.540950689883814,0.15944362220384065,5.292151615987311,12.615073580454188,420.80174096842876,3.887559989318249,1.350785737434326,0.08505982614663599,1.4490755931768764,5.906662512207344,187.4416432337805,4.030527737950062,0.351003300945579,-0.005117439679493953,3.371045086099297,4.538589853221634,193.11118899447533,1.154852943602058,0.3121359765079745,0.01839979405014369,0.6680310067300208,1.6712348777294823,55.39842767683774,1.0365337448006495,0.5771986139491004,0.03382861016835509,0.1429931921283411,1.949089909111256,50.41736952716481,95.59330271595257,1.5363924099697943,-0.09196709680936711,92.70377802819722,97.41805400821023,4588.011094369002,normal,794.9386693631286
OOC-001,7.107661765882012,0.0872122177747236,-0.0008582425827277426,7.007565780515575,7.317193019810323,340.70794558356204,72.64421068734087,9.82776424784686,-0.2719416909921201,52.015894717473664,92.68884794614348,3475.410476607358,36.66880838921644,0.337391410607837,0.01741085789248567,36.02226637963602,37.11376240773565,1760.505978664511,150.0912225083145,21.38178803964082,0.4724331815826847,118.58019794770452,182.4050610588369,7239.80231445947,7.639404444797224,3.2710457317932757,0.11376001767454526,2.1262432618153877,14.658343333620508,368.79687891971696,3.8749455480278647,2.074215230008316,0.026329710915200904,0.0,7.143470732599674,176.6933735467068,3.985676541778842,2.178622524711889,-0.0529697424815377,0.8657264202824293,7.308526692611294,194.81500349934618,1.1814945632331049,0.8124205595509997,0.002756525740075028,0.0,2.4417089290016154,59.80886476458892,0.4096889731786042,0.9179768719173885,0.02266958618574216,0.0,3.335347102437235,12.955815470313066,94.53683447448368,4.399885098924977,-0.1821504441844978,88.24482988423482,100.0,4543.411271115546,ooc,378.831266698863
OOC-002,7.0906322098896775,0.0942213129120917,-0.0007239787953989414,6.9005670557856575,7.238061034684581,340.303179734433,78.99131004328991,8.68911997112003,-0.07047916585434413,62.28030053562642,93.78881402404498,3797.934661302672,36.533333216451965,0.34273858823309006,0.004073936348317732,35.930819531612606,37.32107740201802,1754.4215086607041,152.561023920549,19.78972248667612,0.6856416185866625,126.96333267590892,189.94854238900876,7260.871931519461,9.235008838944548,3.332712773679067,0.15755474188828664,4.299139233402288,15.418699268102232,444.68876972054534,3.5612218424555047,2.7519721012076266,0.07913963357466154,0.0,8.718889386345923,165.6910022393361,3.322802620837472,1.7924436668443195,-0.009234672239255236,0.9957358128407792,7.06606917223061,153.52531277866504,0.9645186658762115,0.7404568405519705,0.02487172755325146,0.0,1.86841091670629,46.33167439324655,1.592378530296047,1.506603052604761,0.02400247544524446,0.0,4.6001881899854045,77.8276746918401,93.82959003676359,4.324591402257444,-0.15400979300463932,86.21882484711233,100.0,4501.8259648870235,ooc,322.665632755172
OOC-003,7.064937780072442,0.1093266428732202,-0.0011654780456266855,6.791560919102894,7.214727208137782,339.7888911133502,76.25156741219907,11.68514911880737,-0.45983511044530156,62.15114662432559,99.1790412822237,3670.267847544671,36.655839133037944,0.29875565210714095,0.005916491744998931,36.2888697341214,37.21759349711202,1760.5622423799452,157.52405822075633,17.855962979676168,0.22186788232999805,125.77291613767449,186.1124179719833,7613.262693482506,8.2852066188971,3.6117542841617465,0.1228327785768165,1.5297759485676758,13.18896624333046,406.84889784225277,3.9546363800548483,2.23649572689181,0.08372255726017845,0.3579526535845478,7.6434922491893795,189.63820195730426,3.9771410779158427,2.1108838028072805,-0.04848455120469044,1.4816485158981008,8.52211964978715,178.65381833471963,1.2372259779410797,0.9985010200452898,0.02098596578181545,0.0,3.191015547196576,54.83724571146089,0.7651198497147376,1.0925536253473351,0.023328188030733946,0.0,3.388524404399883,39.786232185166355,96.76661644680863,4.1681869322929055,-0.0575258680559442,87.1577588826696,100.0,4639.3634540326175,ooc,351.9128734459192
OOC-004,7.075477300250531,0.13332319114376964,-0.001753321172498424,6.87265051407225,7.306962113792506,340.3004612333278,71.67160284272856,13.474423435691104,0.10504593149116118,45.87370992150941,91.03019479509136,3396.062530725833,36.48167753839997,0.28207551894367083,0.0017999527383676993,36.08251346508789,36.95681558176162,1751.9930232909735,156.2714206451032,20.996602885933886,0.20891634545393747,127.04045665903745,193.63745172408528,7600.929490720848,8.613051306087076,4.465100573344987,0.24502936101723125,0.8447330231771852,14.023950728655835,422.90334303736716,4.140408129147766,2.816572055427206,0.11505144716514434,0.0,10.008616032190538,194.56841556873786,3.0962356432232054,1.182551605428523,0.009900531794341453,1.1738392230600674,5.645397981028872,149.96697026091374,1.1324401027129851,0.6769204556841286,0.024131109427345445,0.0,2.1250860524233124,52.00219461253934,0.6323607796639032,1.021768059261347,0.002571985654437764,0.0,2.6689476797175864,27.320412751608586,93.77692320529572,5.011257800255101,-0.26363921162411663,84.2692347042051,100.0,4497.669777570841,ooc,397.0740213604074
OOC-005,7.111440775279535,0.12247814351962594,-0.00019181938880992471,6.914818622313198,7.410311790429526,341.2237015419532,73.21328531829188,10.89933119702699,-0.45167890538333466,51.84828402245739,91.93868419819938,3484.14872481752,36.63535726398767,0.2736967955643905,0.01113013815766837,36.22931372364573,37.238576363435634,1759.149380099764,144.2981725373416,18.847914251900324,0.6166767988482375,118.00747567139196,170.95743519489562,6966.327498025147,8.248271841471015,2.692390043926943,0.07348044082965015,2.4523946708901674,13.551034708988396,401.3162405533158,3.6671080208578113,2.504122089156049,0.12937516367048277,0.0,7.90598600089849,174.22403320844518,3.8928868402123573,2.0331565349150895,-0.01794097486874423,0.5,7.663246462737331,190.13678524387637,0.9921863433531755,1.1239196984966828,0.040206079729627725,0.0,3.412082866390921,44.769524121583274,1.2143110323535617,1.72431752464633,0.013461524403216386,0.0,4.19421785249855,63.144173682385215,93.31646579133363,4.573071796458203,-0.1856733345354716,84.88367190927751,100.0,4482.688877330794,ooc,471.0361107735798
